,Unnamed: 0,Wk,Day,Date,Time,Home,xG,Score,xG.1,Away,Attendance,Venue,Referee,Match Report,Notes
0,0,1.0,Fri,2022-08-05,20:00,Crystal Palace,2,,2,Arsenal,,Selhurst Park,,Head-to-Head,
1,1,1.0,Sat,2022-08-06,12:30,Fulham,0,,4,Liverpool,,Craven Cottage,,Head-to-Head,
2,2,1.0,Sat,2022-08-06,15:00,Tottenham,2,,2,Southampton,,Tottenham Hotspur Stadium,,Head-to-Head,
3,3,1.0,Sat,2022-08-06,15:00,Newcastle Utd,2,,1,Nott'ham Forest,,St. James' Park,,Head-to-Head,
4,4,1.0,Sat,2022-08-06,15:00,Leeds United,2,,2,Wolves,,Elland Road,,Head-to-Head,
5,5,1.0,Sat,2022-08-06,15:00,Bournemouth,0,,2,Aston Villa,,Vitality Stadium,,Head-to-Head,
6,6,1.0,Sat,2022-08-06,17:30,Everton,1,,2,Chelsea,,Goodison Park,,Head-to-Head,
7,7,1.0,Sun,2022-08-07,14:00,Leicester City,2,,1,Brentford,,King Power Stadium,,Head-to-Head,
8,8,1.0,Sun,2022-08-07,14:00,Manchester Utd,1,,2,Brighton,,Old Trafford,,Head-to-Head,
9,9,1.0,Sun,2022-08-07,16:30,West Ham,1,,1,Manchester City,,London Stadium,,Head-to-Head,
10,10,,,,,,,,,,,,,,
11,11,2.0,Sat,2022-08-13,12:30,Aston Villa,2,,1,Everton,,Villa Park,,Head-to-Head,
12,12,2.0,Sat,2022-08-13,15:00,Manchester City,4,,0,Bournemouth,,Etihad Stadium,,Head-to-Head,
13,13,2.0,Sat,2022-08-13,15:00,Southampton,1,,1,Leeds United,,St. Mary's Stadium,,Head-to-Head,
14,14,2.0,Sat,2022-08-13,15:00,Wolves,3,,1,Fulham,,Molineux Stadium,,Head-to-Head,
15,15,2.0,Sat,2022-08-13,15:00,Arsenal,2,,1,Leicester City,,Emirates Stadium,,Head-to-Head,
16,16,2.0,Sat,2022-08-13,15:00,Brighton,1,,1,Newcastle Utd,,The American Express Community Stadium,,Head-to-Head,
17,17,2.0,Sat,2022-08-13,17:30,Brentford,1,,3,Manchester Utd,,Brentford Community Stadium,,Head-to-Head,
18,18,2.0,Sun,2022-08-14,14:00,Nott'ham Forest,1,,2,West Ham,,The City Ground,,Head-to-Head,
19,19,2.0,Sun,2022-08-14,16:30,Chelsea,2,,1,Tottenham,,Stamford Bridge,,Head-to-Head,
20,20,2.0,Mon,2022-08-15,20:00,Liverpool,3,,0,Crystal Palace,,Anfield,,Head-to-Head,
21,21,,,,,,,,,,,,,,
22,22,3.0,Sat,2022-08-20,12:30,Tottenham,1,,1,Wolves,,Tottenham Hotspur Stadium,,Head-to-Head,
23,23,3.0,Sat,2022-08-20,15:00,Leicester City,3,,1,Southampton,,King Power Stadium,,Head-to-Head,
24,24,3.0,Sat,2022-08-20,15:00,Everton,2,,1,Nott'ham Forest,,Goodison Park,,Head-to-Head,
25,25,3.0,Sat,2022-08-20,15:00,Crystal Palace,1,,1,Aston Villa,,Selhurst Park,,Head-to-Head,
26,26,3.0,Sat,2022-08-20,15:00,Fulham,1,,2,Brentford,,Craven Cottage,,Head-to-Head,
27,27,3.0,Sat,2022-08-20,17:30,Bournemouth,0,,3,Arsenal,,Vitality Stadium,,Head-to-Head,
28,28,3.0,Sun,2022-08-21,14:00,Leeds United,1,,4,Chelsea,,Elland Road,,Head-to-Head,
29,29,3.0,Sun,2022-08-21,14:00,West Ham,1,,2,Brighton,,London Stadium,,Head-to-Head,
30,30,3.0,Sun,2022-08-21,16:30,Newcastle Utd,0,,3,Manchester City,,St. James' Park,,Head-to-Head,
31,31,3.0,Mon,2022-08-22,20:00,Manchester Utd,1,,3,Liverpool,,Old Trafford,,Head-to-Head,
32,32,,,,,,,,,,,,,,
33,33,4.0,Sat,2022-08-27,12:30,Southampton,1,,2,Manchester Utd,,St. Mary's Stadium,,Head-to-Head,
34,34,4.0,Sat,2022-08-27,15:00,Manchester City,2,,1,Crystal Palace,,Etihad Stadium,,Head-to-Head,
35,35,4.0,Sat,2022-08-27,15:00,Brighton,2,,1,Leeds United,,The American Express Community Stadium,,Head-to-Head,
36,36,4.0,Sat,2022-08-27,15:00,Chelsea,2,,1,Leicester City,,Stamford Bridge,,Head-to-Head,
37,37,4.0,Sat,2022-08-27,15:00,Brentford,2,,1,Everton,,Brentford Community Stadium,,Head-to-Head,
38,38,4.0,Sat,2022-08-27,15:00,Liverpool,4,,0,Bournemouth,,Anfield,,Head-to-Head,
39,39,4.0,Sat,2022-08-27,17:30,Arsenal,3,,1,Fulham,,Emirates Stadium,,Head-to-Head,
40,40,4.0,Sun,2022-08-28,14:00,Wolves,1,,1,Newcastle Utd,,Molineux Stadium,,Head-to-Head,
41,41,4.0,Sun,2022-08-28,14:00,Aston Villa,1,,3,West Ham,,Villa Park,,Head-to-Head,
42,42,4.0,Sun,2022-08-28,16:30,Nott'ham Forest,0,,3,Tottenham,,The City Ground,,Head-to-Head,
43,43,,,,,,,,,,,,,,
44,44,5.0,Tue,2022-08-30,19:30,Fulham,0,,2,Brighton,,Craven Cottage,,Head-to-Head,
45,45,5.0,Tue,2022-08-30,19:30,Crystal Palace,1,,1,Brentford,,Selhurst Park,,Head-to-Head,
46,46,5.0,Tue,2022-08-30,19:45,Southampton,0,,3,Chelsea,,St. Mary's Stadium,,Head-to-Head,
47,47,5.0,Tue,2022-08-30,20:00,Leeds United,1,,2,Everton,,Elland Road,,Head-to-Head,
48,48,5.0,Wed,2022-08-31,19:30,Bournemouth,0,,2,Wolves,,Vitality Stadium,,Head-to-Head,
49,49,5.0,Wed,2022-08-31,19:30,Manchester City,3,,0,Nott'ham Forest,,Etihad Stadium,,Head-to-Head,
50,50,5.0,Wed,2022-08-31,19:30,Arsenal,2,,1,Aston Villa,,Emirates Stadium,,Head-to-Head,
51,51,5.0,Wed,2022-08-31,19:45,West Ham,1,,1,Tottenham,,London Stadium,,Head-to-Head,
52,52,5.0,Wed,2022-08-31,20:00,Liverpool,3,,0,Newcastle Utd,,Anfield,,Head-to-Head,
53,53,5.0,Thu,2022-09-01,20:00,Leicester City,2,,1,Manchester Utd,,King Power Stadium,,Head-to-Head,
54,54,,,,,,,,,,,,,,
55,55,6.0,Sat,2022-09-03,12:30,Everton,0,,3,Liverpool,,Goodison Park,,Head-to-Head,
56,56,6.0,Sat,2022-09-03,15:00,Nott'ham Forest,1,,1,Bournemouth,,The City Ground,,Head-to-Head,
57,57,6.0,Sat,2022-09-03,15:00,Wolves,2,,1,Southampton,,Molineux Stadium,,Head-to-Head,
58,58,6.0,Sat,2022-09-03,15:00,Newcastle Utd,1,,1,Crystal Palace,,St. James' Park,,Head-to-Head,
59,59,6.0,Sat,2022-09-03,15:00,Brentford,1,,2,Leeds United,,Brentford Community Stadium,,Head-to-Head,
60,60,6.0,Sat,2022-09-03,15:00,Tottenham,3,,0,Fulham,,Tottenham Hotspur Stadium,,Head-to-Head,
61,61,6.0,Sat,2022-09-03,17:30,Aston Villa,1,,2,Manchester City,,Villa Park,,Head-to-Head,
62,62,6.0,Sun,2022-09-04,14:00,Brighton,1,,1,Leicester City,,The American Express Community Stadium,,Head-to-Head,
63,63,6.0,Sun,2022-09-04,14:00,Chelsea,1,,1,West Ham,,Stamford Bridge,,Head-to-Head,
64,64,6.0,Sun,2022-09-04,16:30,Manchester Utd,2,,1,Arsenal,,Old Trafford,,Head-to-Head,
65,65,,,,,,,,,,,,,,
66,66,7.0,Sat,2022-09-10,12:30,Fulham,1,,4,Chelsea,,Craven Cottage,,Head-to-Head,
67,67,7.0,Sat,2022-09-10,15:00,Liverpool,2,,0,Wolves,,Anfield,,Head-to-Head,
68,68,7.0,Sat,2022-09-10,15:00,Bournemouth,0,,2,Brighton,,Vitality Stadium,,Head-to-Head,
69,69,7.0,Sat,2022-09-10,15:00,Southampton,2,,1,Brentford,,St. Mary's Stadium,,Head-to-Head,
70,70,7.0,Sat,2022-09-10,15:00,Leicester City,1,,1,Aston Villa,,King Power Stadium,,Head-to-Head,
71,71,7.0,Sat,2022-09-10,17:30,Manchester City,1,,2,Tottenham,,Etihad Stadium,,Head-to-Head,
72,72,7.0,Sun,2022-09-11,14:00,West Ham,2,,1,Newcastle Utd,,London Stadium,,Head-to-Head,
73,73,7.0,Sun,2022-09-11,14:00,Arsenal,3,,0,Everton,,Emirates Stadium,,Head-to-Head,
74,74,7.0,Sun,2022-09-11,16:30,Crystal Palace,1,,1,Manchester Utd,,Selhurst Park,,Head-to-Head,
75,75,7.0,Mon,2022-09-12,20:00,Leeds United,2,,1,Nott'ham Forest,,Elland Road,,Head-to-Head,
76,76,,,,,,,,,,,,,,
77,77,8.0,Fri,2022-09-16,20:00,Aston Villa,2,,1,Southampton,,Villa Park,,Head-to-Head,
78,78,8.0,Fri,2022-09-16,20:00,Nott'ham Forest,1,,1,Fulham,,The City Ground,,Head-to-Head,
79,79,8.0,Sat,2022-09-17,12:30,Wolves,0,,3,Manchester City,,Molineux Stadium,,Head-to-Head,
80,80,8.0,Sat,2022-09-17,15:00,Newcastle Utd,2,,0,Bournemouth,,St. James' Park,,Head-to-Head,
81,81,8.0,Sat,2022-09-17,15:00,Everton,1,,2,West Ham,,Goodison Park,,Head-to-Head,
82,82,8.0,Sat,2022-09-17,15:00,Brighton,1,,1,Crystal Palace,,The American Express Community Stadium,,Head-to-Head,
83,83,8.0,Sat,2022-09-17,17:30,Tottenham,2,,1,Leicester City,,Tottenham Hotspur Stadium,,Head-to-Head,
84,84,8.0,Sun,2022-09-18,14:00,Manchester Utd,3,,1,Leeds United,,Old Trafford,,Head-to-Head,
85,85,8.0,Sun,2022-09-18,14:00,Brentford,1,,2,Arsenal,,Brentford Community Stadium,,Head-to-Head,
86,86,8.0,Sun,2022-09-18,16:30,Chelsea,1,,1,Liverpool,,Stamford Bridge,,Head-to-Head,
87,87,,,,,,,,,,,,,,
88,88,9.0,Sat,2022-10-01,15:00,Southampton,1,,1,Everton,,St. Mary's Stadium,,Head-to-Head,
89,89,9.0,Sat,2022-10-01,15:00,Crystal Palace,0,,2,Chelsea,,Selhurst Park,,Head-to-Head,
90,90,9.0,Sat,2022-10-01,15:00,Leeds United,1,,2,Aston Villa,,Elland Road,,Head-to-Head,
91,91,9.0,Sat,2022-10-01,15:00,Manchester City,3,,0,Manchester Utd,,Etihad Stadium,,Head-to-Head,
92,92,9.0,Sat,2022-10-01,15:00,West Ham,1,,1,Wolves,,London Stadium,,Head-to-Head,
93,93,9.0,Sat,2022-10-01,15:00,Leicester City,2,,1,Nott'ham Forest,,King Power Stadium,,Head-to-Head,
94,94,9.0,Sat,2022-10-01,15:00,Liverpool,2,,1,Brighton,,Anfield,,Head-to-Head,
95,95,9.0,Sat,2022-10-01,15:00,Arsenal,1,,2,Tottenham,,Emirates Stadium,,Head-to-Head,
96,96,9.0,Sat,2022-10-01,15:00,Fulham,1,,2,Newcastle Utd,,Craven Cottage,,Head-to-Head,
97,97,9.0,Sat,2022-10-01,15:00,Bournemouth,1,,2,Brentford,,Vitality Stadium,,Head-to-Head,
98,98,,,,,,,,,,,,,,
99,99,10.0,Sat,2022-10-08,15:00,Brighton,1,,1,Tottenham,,The American Express Community Stadium,,Head-to-Head,
100,100,10.0,Sat,2022-10-08,15:00,West Ham,2,,1,Fulham,,London Stadium,,Head-to-Head,
101,101,10.0,Sat,2022-10-08,15:00,Everton,1,,2,Manchester Utd,,Goodison Park,,Head-to-Head,
102,102,10.0,Sat,2022-10-08,15:00,Bournemouth,0,,2,Leicester City,,Vitality Stadium,,Head-to-Head,
103,103,10.0,Sat,2022-10-08,15:00,Newcastle Utd,2,,1,Brentford,,St. James' Park,,Head-to-Head,
104,104,10.0,Sat,2022-10-08,15:00,Arsenal,1,,2,Liverpool,,Emirates Stadium,,Head-to-Head,
105,105,10.0,Sat,2022-10-08,15:00,Manchester City,4,,0,Southampton,,Etihad Stadium,,Head-to-Head,
106,106,10.0,Sat,2022-10-08,15:00,Chelsea,2,,1,Wolves,,Stamford Bridge,,Head-to-Head,
107,107,10.0,Sat,2022-10-08,15:00,Crystal Palace,1,,1,Leeds United,,Selhurst Park,,Head-to-Head,
108,108,10.0,Sat,2022-10-08,15:00,Nott'ham Forest,1,,2,Aston Villa,,The City Ground,,Head-to-Head,
109,109,,,,,,,,,,,,,,
110,110,11.0,Sat,2022-10-15,15:00,Liverpool,1,,0,Manchester City,,Anfield,,Head-to-Head,
111,111,11.0,Sat,2022-10-15,15:00,Southampton,1,,2,West Ham,,St. Mary's Stadium,,Head-to-Head,
112,112,11.0,Sat,2022-10-15,15:00,Leicester City,2,,1,Crystal Palace,,King Power Stadium,,Head-to-Head,
113,113,11.0,Sat,2022-10-15,15:00,Brentford,1,,1,Brighton,,Brentford Community Stadium,,Head-to-Head,
114,114,11.0,Sat,2022-10-15,15:00,Aston Villa,0,,3,Chelsea,,Villa Park,,Head-to-Head,
115,115,11.0,Sat,2022-10-15,15:00,Leeds United,1,,3,Arsenal,,Elland Road,,Head-to-Head,
116,116,11.0,Sat,2022-10-15,15:00,Fulham,1,,1,Bournemouth,,Craven Cottage,,Head-to-Head,
117,117,11.0,Sat,2022-10-15,15:00,Wolves,2,,1,Nott'ham Forest,,Molineux Stadium,,Head-to-Head,
118,118,11.0,Sat,2022-10-15,15:00,Manchester Utd,2,,1,Newcastle Utd,,Old Trafford,,Head-to-Head,
119,119,11.0,Sat,2022-10-15,15:00,Tottenham,2,,0,Everton,,Tottenham Hotspur Stadium,,Head-to-Head,
120,120,,,,,,,,,,,,,,
121,121,12.0,Tue,2022-10-18,19:45,Brighton,2,,1,Nott'ham Forest,,The American Express Community Stadium,,Head-to-Head,
122,122,12.0,Tue,2022-10-18,19:45,Leicester City,2,,1,Leeds United,,King Power Stadium,,Head-to-Head,
123,123,12.0,Tue,2022-10-18,19:45,Bournemouth,1,,1,Southampton,,Vitality Stadium,,Head-to-Head,
124,124,12.0,Tue,2022-10-18,19:45,Brentford,1,,2,Chelsea,,Brentford Community Stadium,,Head-to-Head,
125,125,12.0,Tue,2022-10-18,19:45,Arsenal,0,,2,Manchester City,,Emirates Stadium,,Head-to-Head,
126,126,12.0,Tue,2022-10-18,19:45,Fulham,2,,1,Aston Villa,,Craven Cottage,,Head-to-Head,
127,127,12.0,Tue,2022-10-18,20:00,Crystal Palace,2,,0,Wolves,,Selhurst Park,,Head-to-Head,
128,128,12.0,Wed,2022-10-19,19:45,Newcastle Utd,1,,1,Everton,,St. James' Park,,Head-to-Head,
129,129,12.0,Wed,2022-10-19,20:00,Liverpool,1,,1,West Ham,,Anfield,,Head-to-Head,
130,130,12.0,Wed,2022-10-19,20:00,Manchester Utd,2,,1,Tottenham,,Old Trafford,,Head-to-Head,
131,131,,,,,,,,,,,,,,
132,132,13.0,Sat,2022-10-22,15:00,Everton,2,,1,Crystal Palace,,Goodison Park,,Head-to-Head,
133,133,13.0,Sat,2022-10-22,15:00,Aston Villa,1,,1,Brentford,,Villa Park,,Head-to-Head,
134,134,13.0,Sat,2022-10-22,15:00,Chelsea,1,,1,Manchester Utd,,Stamford Bridge,,Head-to-Head,
135,135,13.0,Sat,2022-10-22,15:00,Wolves,1,,1,Leicester City,,Molineux Stadium,,Head-to-Head,
136,136,13.0,Sat,2022-10-22,15:00,Tottenham,3,,1,Newcastle Utd,,Tottenham Hotspur Stadium,,Head-to-Head,
137,137,13.0,Sat,2022-10-22,15:00,Manchester City,3,,0,Brighton,,Etihad Stadium,,Head-to-Head,
138,138,13.0,Sat,2022-10-22,15:00,Leeds United,2,,1,Fulham,,Elland Road,,Head-to-Head,
139,139,13.0,Sat,2022-10-22,15:00,Southampton,1,,2,Arsenal,,St. Mary's Stadium,,Head-to-Head,
140,140,13.0,Sat,2022-10-22,15:00,West Ham,3,,0,Bournemouth,,London Stadium,,Head-to-Head,
141,141,13.0,Sat,2022-10-22,15:00,Nott'ham Forest,0,,3,Liverpool,,The City Ground,,Head-to-Head,
142,142,,,,,,,,,,,,,,
143,143,14.0,Sat,2022-10-29,15:00,Arsenal,2,,0,Nott'ham Forest,,Emirates Stadium,,Head-to-Head,
144,144,14.0,Sat,2022-10-29,15:00,Brentford,1,,1,Wolves,,Brentford Community Stadium,,Head-to-Head,
145,145,14.0,Sat,2022-10-29,15:00,Crystal Palace,2,,1,Southampton,,Selhurst Park,,Head-to-Head,
146,146,14.0,Sat,2022-10-29,15:00,Leicester City,1,,2,Manchester City,,King Power Stadium,,Head-to-Head,
147,147,14.0,Sat,2022-10-29,15:00,Newcastle Utd,1,,1,Aston Villa,,St. James' Park,,Head-to-Head,
148,148,14.0,Sat,2022-10-29,15:00,Fulham,2,,1,Everton,,Craven Cottage,,Head-to-Head,
149,149,14.0,Sat,2022-10-29,15:00,Brighton,1,,1,Chelsea,,The American Express Community Stadium,,Head-to-Head,
150,150,14.0,Sat,2022-10-29,15:00,Liverpool,4,,0,Leeds United,,Anfield,,Head-to-Head,
151,151,14.0,Sat,2022-10-29,15:00,Manchester Utd,1,,1,West Ham,,Old Trafford,,Head-to-Head,
152,152,14.0,Sat,2022-10-29,15:00,Bournemouth,0,,4,Tottenham,,Vitality Stadium,,Head-to-Head,
153,153,,,,,,,,,,,,,,
154,154,15.0,Sat,2022-11-05,15:00,Nott'ham Forest,1,,1,Brentford,,The City Ground,,Head-to-Head,
155,155,15.0,Sat,2022-11-05,15:00,West Ham,2,,1,Crystal Palace,,London Stadium,,Head-to-Head,
156,156,15.0,Sat,2022-11-05,15:00,Tottenham,1,,1,Liverpool,,Tottenham Hotspur Stadium,,Head-to-Head,
157,157,15.0,Sat,2022-11-05,15:00,Southampton,1,,2,Newcastle Utd,,St. Mary's Stadium,,Head-to-Head,
158,158,15.0,Sat,2022-11-05,15:00,Leeds United,2,,0,Bournemouth,,Elland Road,,Head-to-Head,
159,159,15.0,Sat,2022-11-05,15:00,Aston Villa,1,,2,Manchester Utd,,Villa Park,,Head-to-Head,
160,160,15.0,Sat,2022-11-05,15:00,Manchester City,4,,1,Fulham,,Etihad Stadium,,Head-to-Head,
161,161,15.0,Sat,2022-11-05,15:00,Everton,1,,2,Leicester City,,Goodison Park,,Head-to-Head,
162,162,15.0,Sat,2022-11-05,15:00,Wolves,1,,1,Brighton,,Molineux Stadium,,Head-to-Head,
163,163,15.0,Sat,2022-11-05,15:00,Chelsea,2,,1,Arsenal,,Stamford Bridge,,Head-to-Head,
164,164,,,,,,,,,,,,,,
165,165,16.0,Sat,2022-11-12,15:00,Tottenham,3,,1,Leeds United,,Tottenham Hotspur Stadium,,Head-to-Head,
166,166,16.0,Sat,2022-11-12,15:00,Liverpool,3,,0,Southampton,,Anfield,,Head-to-Head,
167,167,16.0,Sat,2022-11-12,15:00,Manchester City,3,,0,Brentford,,Etihad Stadium,,Head-to-Head,
168,168,16.0,Sat,2022-11-12,15:00,Bournemouth,1,,1,Everton,,Vitality Stadium,,Head-to-Head,
169,169,16.0,Sat,2022-11-12,15:00,West Ham,2,,1,Leicester City,,London Stadium,,Head-to-Head,
170,170,16.0,Sat,2022-11-12,15:00,Wolves,1,,1,Arsenal,,Molineux Stadium,,Head-to-Head,
171,171,16.0,Sat,2022-11-12,15:00,Brighton,1,,2,Aston Villa,,The American Express Community Stadium,,Head-to-Head,
172,172,16.0,Sat,2022-11-12,15:00,Fulham,2,,2,Manchester Utd,,Craven Cottage,,Head-to-Head,
173,173,16.0,Sat,2022-11-12,15:00,Newcastle Utd,0,,2,Chelsea,,St. James' Park,,Head-to-Head,
174,174,16.0,Sat,2022-11-12,15:00,Nott'ham Forest,2,,1,Crystal Palace,,The City Ground,,Head-to-Head,
175,175,,,,,,,,,,,,,,
176,176,17.0,Mon,2022-12-26,15:00,Brentford,1,,2,Tottenham,,Brentford Community Stadium,,Head-to-Head,
177,177,17.0,Mon,2022-12-26,15:00,Southampton,1,,1,Brighton,,St. Mary's Stadium,,Head-to-Head,
178,178,17.0,Mon,2022-12-26,15:00,Arsenal,2,,1,West Ham,,Emirates Stadium,,Head-to-Head,
179,179,17.0,Mon,2022-12-26,15:00,Leicester City,2,,1,Newcastle Utd,,King Power Stadium,,Head-to-Head,
180,180,17.0,Mon,2022-12-26,15:00,Leeds United,0,,5,Manchester City,,Elland Road,,Head-to-Head,
181,181,17.0,Mon,2022-12-26,15:00,Aston Villa,1,,2,Liverpool,,Villa Park,,Head-to-Head,
182,182,17.0,Mon,2022-12-26,15:00,Manchester Utd,2,,1,Nott'ham Forest,,Old Trafford,,Head-to-Head,
183,183,17.0,Mon,2022-12-26,15:00,Crystal Palace,2,,0,Fulham,,Selhurst Park,,Head-to-Head,
184,184,17.0,Mon,2022-12-26,15:00,Chelsea,5,,0,Bournemouth,,Stamford Bridge,,Head-to-Head,
185,185,17.0,Mon,2022-12-26,15:00,Everton,1,,1,Wolves,,Goodison Park,,Head-to-Head,
186,186,,,,,,,,,,,,,,
187,187,18.0,Sat,2022-12-31,15:00,Newcastle Utd,1,,1,Leeds United,,St. James' Park,,Head-to-Head,
188,188,18.0,Sat,2022-12-31,15:00,West Ham,1,,2,Brentford,,London Stadium,,Head-to-Head,
189,189,18.0,Sat,2022-12-31,15:00,Tottenham,3,,1,Aston Villa,,Tottenham Hotspur Stadium,,Head-to-Head,
190,190,18.0,Sat,2022-12-31,15:00,Wolves,1,,1,Manchester Utd,,Molineux Stadium,,Head-to-Head,
191,191,18.0,Sat,2022-12-31,15:00,Fulham,1,,1,Southampton,,Craven Cottage,,Head-to-Head,
192,192,18.0,Sat,2022-12-31,15:00,Manchester City,4,,0,Everton,,Etihad Stadium,,Head-to-Head,
193,193,18.0,Sat,2022-12-31,15:00,Nott'ham Forest,0,,3,Chelsea,,The City Ground,,Head-to-Head,
194,194,18.0,Sat,2022-12-31,15:00,Liverpool,2,,0,Leicester City,,Anfield,,Head-to-Head,
195,195,18.0,Sat,2022-12-31,15:00,Bournemouth,0,,2,Crystal Palace,,Vitality Stadium,,Head-to-Head,
196,196,18.0,Sat,2022-12-31,15:00,Brighton,1,,1,Arsenal,,The American Express Community Stadium,,Head-to-Head,
197,197,,,,,,,,,,,,,,
198,198,19.0,Mon,2023-01-02,15:00,Leeds United,2,,2,West Ham,,Elland Road,,Head-to-Head,
199,199,19.0,Mon,2023-01-02,15:00,Leicester City,3,,1,Fulham,,King Power Stadium,,Head-to-Head,
200,200,19.0,Mon,2023-01-02,15:00,Manchester Utd,3,,1,Bournemouth,,Old Trafford,,Head-to-Head,
201,201,19.0,Mon,2023-01-02,15:00,Aston Villa,1,,2,Wolves,,Villa Park,,Head-to-Head,
202,202,19.0,Mon,2023-01-02,15:00,Brentford,1,,2,Liverpool,,Brentford Community Stadium,,Head-to-Head,
203,203,19.0,Mon,2023-01-02,15:00,Everton,2,,2,Brighton,,Goodison Park,,Head-to-Head,
204,204,19.0,Mon,2023-01-02,15:00,Southampton,1,,2,Nott'ham Forest,,St. Mary's Stadium,,Head-to-Head,
205,205,19.0,Mon,2023-01-02,15:00,Arsenal,1,,1,Newcastle Utd,,Emirates Stadium,,Head-to-Head,
206,206,19.0,Mon,2023-01-02,15:00,Crystal Palace,1,,2,Tottenham,,Selhurst Park,,Head-to-Head,
207,207,19.0,Mon,2023-01-02,15:00,Chelsea,0,,1,Manchester City,,Stamford Bridge,,Head-to-Head,
208,208,,,,,,,,,,,,,,
209,209,20.0,Sat,2023-01-14,15:00,Everton,1,,1,Southampton,,Goodison Park,,Head-to-Head,
210,210,20.0,Sat,2023-01-14,15:00,Wolves,1,,1,West Ham,,Molineux Stadium,,Head-to-Head,
211,211,20.0,Sat,2023-01-14,15:00,Brentford,2,,1,Bournemouth,,Brentford Community Stadium,,Head-to-Head,
212,212,20.0,Sat,2023-01-14,15:00,Tottenham,2,,1,Arsenal,,Tottenham Hotspur Stadium,,Head-to-Head,
213,213,20.0,Sat,2023-01-14,15:00,Chelsea,2,,1,Crystal Palace,,Stamford Bridge,,Head-to-Head,
214,214,20.0,Sat,2023-01-14,15:00,Nott'ham Forest,1,,2,Leicester City,,The City Ground,,Head-to-Head,
215,215,20.0,Sat,2023-01-14,15:00,Brighton,1,,2,Liverpool,,The American Express Community Stadium,,Head-to-Head,
216,216,20.0,Sat,2023-01-14,15:00,Aston Villa,2,,1,Leeds United,,Villa Park,,Head-to-Head,
217,217,20.0,Sat,2023-01-14,15:00,Manchester Utd,0,,2,Manchester City,,Old Trafford,,Head-to-Head,
218,218,20.0,Sat,2023-01-14,15:00,Newcastle Utd,2,,1,Fulham,,St. James' Park,,Head-to-Head,
219,219,,,,,,,,,,,,,,
220,220,21.0,Sat,2023-01-21,15:00,Fulham,0,,3,Tottenham,,Craven Cottage,,Head-to-Head,
221,221,21.0,Sat,2023-01-21,15:00,Arsenal,2,,1,Manchester Utd,,Emirates Stadium,,Head-to-Head,
222,222,21.0,Sat,2023-01-21,15:00,Bournemouth,1,,1,Nott'ham Forest,,Vitality Stadium,,Head-to-Head,
223,223,21.0,Sat,2023-01-21,15:00,Manchester City,3,,0,Wolves,,Etihad Stadium,,Head-to-Head,
224,224,21.0,Sat,2023-01-21,15:00,Liverpool,1,,0,Chelsea,,Anfield,,Head-to-Head,
225,225,21.0,Sat,2023-01-21,15:00,Crystal Palace,1,,1,Newcastle Utd,,Selhurst Park,,Head-to-Head,
226,226,21.0,Sat,2023-01-21,15:00,Southampton,1,,2,Aston Villa,,St. Mary's Stadium,,Head-to-Head,
227,227,21.0,Sat,2023-01-21,15:00,Leicester City,1,,1,Brighton,,King Power Stadium,,Head-to-Head,
228,228,21.0,Sat,2023-01-21,15:00,West Ham,2,,1,Everton,,London Stadium,,Head-to-Head,
229,229,21.0,Sat,2023-01-21,15:00,Leeds United,2,,1,Brentford,,Elland Road,,Head-to-Head,
230,230,,,,,,,,,,,,,,
231,231,22.0,Sat,2023-02-04,15:00,Everton,1,,3,Arsenal,,Goodison Park,,Head-to-Head,
232,232,22.0,Sat,2023-02-04,15:00,Newcastle Utd,1,,2,West Ham,,St. James' Park,,Head-to-Head,
233,233,22.0,Sat,2023-02-04,15:00,Aston Villa,1,,1,Leicester City,,Villa Park,,Head-to-Head,
234,234,22.0,Sat,2023-02-04,15:00,Nott'ham Forest,1,,2,Leeds United,,The City Ground,,Head-to-Head,
235,235,22.0,Sat,2023-02-04,15:00,Tottenham,1,,1,Manchester City,,Tottenham Hotspur Stadium,,Head-to-Head,
236,236,22.0,Sat,2023-02-04,15:00,Chelsea,3,,1,Fulham,,Stamford Bridge,,Head-to-Head,
237,237,22.0,Sat,2023-02-04,15:00,Wolves,0,,2,Liverpool,,Molineux Stadium,,Head-to-Head,
238,238,22.0,Sat,2023-02-04,15:00,Manchester Utd,1,,1,Crystal Palace,,Old Trafford,,Head-to-Head,
239,239,22.0,Sat,2023-02-04,15:00,Brighton,2,,0,Bournemouth,,The American Express Community Stadium,,Head-to-Head,
240,240,22.0,Sat,2023-02-04,15:00,Brentford,2,,1,Southampton,,Brentford Community Stadium,,Head-to-Head,
241,241,,,,,,,,,,,,,,
242,242,23.0,Sat,2023-02-11,15:00,West Ham,1,,1,Chelsea,,London Stadium,,Head-to-Head,
243,243,23.0,Sat,2023-02-11,15:00,Manchester City,2,,1,Aston Villa,,Etihad Stadium,,Head-to-Head,
244,244,23.0,Sat,2023-02-11,15:00,Leeds United,1,,3,Manchester Utd,,Elland Road,,Head-to-Head,
245,245,23.0,Sat,2023-02-11,15:00,Leicester City,1,,2,Tottenham,,King Power Stadium,,Head-to-Head,
246,246,23.0,Sat,2023-02-11,15:00,Crystal Palace,1,,1,Brighton,,Selhurst Park,,Head-to-Head,
247,247,23.0,Sat,2023-02-11,15:00,Arsenal,2,,1,Brentford,,Emirates Stadium,,Head-to-Head,
248,248,23.0,Sat,2023-02-11,15:00,Southampton,1,,2,Wolves,,St. Mary's Stadium,,Head-to-Head,
249,249,23.0,Sat,2023-02-11,15:00,Liverpool,4,,0,Everton,,Anfield,,Head-to-Head,
250,250,23.0,Sat,2023-02-11,15:00,Bournemouth,0,,2,Newcastle Utd,,Vitality Stadium,,Head-to-Head,
251,251,23.0,Sat,2023-02-11,15:00,Fulham,1,,1,Nott'ham Forest,,Craven Cottage,,Head-to-Head,
252,252,,,,,,,,,,,,,,
253,253,24.0,Sat,2023-02-18,15:00,Newcastle Utd,0,,2,Liverpool,,St. James' Park,,Head-to-Head,
254,254,24.0,Sat,2023-02-18,15:00,Brighton,2,,1,Fulham,,The American Express Community Stadium,,Head-to-Head,
255,255,24.0,Sat,2023-02-18,15:00,Nott'ham Forest,0,,3,Manchester City,,The City Ground,,Head-to-Head,
256,256,24.0,Sat,2023-02-18,15:00,Chelsea,4,,1,Southampton,,Stamford Bridge,,Head-to-Head,
257,257,24.0,Sat,2023-02-18,15:00,Tottenham,1,,1,West Ham,,Tottenham Hotspur Stadium,,Head-to-Head,
258,258,24.0,Sat,2023-02-18,15:00,Everton,2,,1,Leeds United,,Goodison Park,,Head-to-Head,
259,259,24.0,Sat,2023-02-18,15:00,Manchester Utd,1,,2,Leicester City,,Old Trafford,,Head-to-Head,
260,260,24.0,Sat,2023-02-18,15:00,Aston Villa,1,,2,Arsenal,,Villa Park,,Head-to-Head,
261,261,24.0,Sat,2023-02-18,15:00,Wolves,2,,0,Bournemouth,,Molineux Stadium,,Head-to-Head,
262,262,24.0,Sat,2023-02-18,15:00,Brentford,1,,1,Crystal Palace,,Brentford Community Stadium,,Head-to-Head,
263,263,,,,,,,,,,,,,,
264,264,25.0,Sat,2023-02-25,15:00,Leicester City,1,,2,Arsenal,,King Power Stadium,,Head-to-Head,
265,265,25.0,Sat,2023-02-25,15:00,Everton,1,,2,Aston Villa,,Goodison Park,,Head-to-Head,
266,266,25.0,Sat,2023-02-25,15:00,West Ham,2,,1,Nott'ham Forest,,London Stadium,,Head-to-Head,
267,267,25.0,Sat,2023-02-25,15:00,Crystal Palace,1,,3,Liverpool,,Selhurst Park,,Head-to-Head,
268,268,25.0,Sat,2023-02-25,15:00,Tottenham,0,,2,Chelsea,,Tottenham Hotspur Stadium,,Head-to-Head,
269,269,25.0,Sat,2023-02-25,15:00,Leeds United,1,,1,Southampton,,Elland Road,,Head-to-Head,
270,270,25.0,Sat,2023-02-25,15:00,Fulham,0,,3,Wolves,,Craven Cottage,,Head-to-Head,
271,271,25.0,Sat,2023-02-25,15:00,Newcastle Utd,1,,1,Brighton,,St. James' Park,,Head-to-Head,
272,272,25.0,Sat,2023-02-25,15:00,Bournemouth,0,,4,Manchester City,,Vitality Stadium,,Head-to-Head,
273,273,25.0,Sat,2023-02-25,15:00,Manchester Utd,3,,1,Brentford,,Old Trafford,,Head-to-Head,
274,274,,,,,,,,,,,,,,
275,275,26.0,Sat,2023-03-04,15:00,Brentford,2,,1,Fulham,,Brentford Community Stadium,,Head-to-Head,
276,276,26.0,Sat,2023-03-04,15:00,Arsenal,3,,0,Bournemouth,,Emirates Stadium,,Head-to-Head,
277,277,26.0,Sat,2023-03-04,15:00,Aston Villa,1,,1,Crystal Palace,,Villa Park,,Head-to-Head,
278,278,26.0,Sat,2023-03-04,15:00,Southampton,1,,3,Leicester City,,St. Mary's Stadium,,Head-to-Head,
279,279,26.0,Sat,2023-03-04,15:00,Chelsea,4,,1,Leeds United,,Stamford Bridge,,Head-to-Head,
280,280,26.0,Sat,2023-03-04,15:00,Liverpool,3,,0,Manchester Utd,,Anfield,,Head-to-Head,
281,281,26.0,Sat,2023-03-04,15:00,Manchester City,4,,0,Newcastle Utd,,Etihad Stadium,,Head-to-Head,
282,282,26.0,Sat,2023-03-04,15:00,Brighton,2,,1,West Ham,,The American Express Community Stadium,,Head-to-Head,
283,283,26.0,Sat,2023-03-04,15:00,Wolves,1,,1,Tottenham,,Molineux Stadium,,Head-to-Head,
284,284,26.0,Sat,2023-03-04,15:00,Nott'ham Forest,2,,1,Everton,,The City Ground,,Head-to-Head,
285,285,,,,,,,,,,,,,,
286,286,27.0,Sat,2023-03-11,15:00,Leeds United,1,,2,Brighton,,Elland Road,,Head-to-Head,
287,287,27.0,Sat,2023-03-11,15:00,Everton,1,,2,Brentford,,Goodison Park,,Head-to-Head,
288,288,27.0,Sat,2023-03-11,15:00,Manchester Utd,2,,1,Southampton,,Old Trafford,,Head-to-Head,
289,289,27.0,Sat,2023-03-11,15:00,Leicester City,0,,2,Chelsea,,King Power Stadium,,Head-to-Head,
290,290,27.0,Sat,2023-03-11,15:00,Newcastle Utd,1,,1,Wolves,,St. James' Park,,Head-to-Head,
291,291,27.0,Sat,2023-03-11,15:00,Tottenham,3,,0,Nott'ham Forest,,Tottenham Hotspur Stadium,,Head-to-Head,
292,292,27.0,Sat,2023-03-11,15:00,Fulham,1,,3,Arsenal,,Craven Cottage,,Head-to-Head,
293,293,27.0,Sat,2023-03-11,15:00,Crystal Palace,1,,2,Manchester City,,Selhurst Park,,Head-to-Head,
294,294,27.0,Sat,2023-03-11,15:00,Bournemouth,0,,4,Liverpool,,Vitality Stadium,,Head-to-Head,
295,295,27.0,Sat,2023-03-11,15:00,West Ham,3,,1,Aston Villa,,London Stadium,,Head-to-Head,
296,296,,,,,,,,,,,,,,
297,297,28.0,Sat,2023-03-18,15:00,Brighton,2,,1,Manchester Utd,,The American Express Community Stadium,,Head-to-Head,
298,298,28.0,Sat,2023-03-18,15:00,Liverpool,4,,0,Fulham,,Anfield,,Head-to-Head,
299,299,28.0,Sat,2023-03-18,15:00,Wolves,2,,2,Leeds United,,Molineux Stadium,,Head-to-Head,
300,300,28.0,Sat,2023-03-18,15:00,Nott'ham Forest,1,,2,Newcastle Utd,,The City Ground,,Head-to-Head,
301,301,28.0,Sat,2023-03-18,15:00,Brentford,1,,2,Leicester City,,Brentford Community Stadium,,Head-to-Head,
302,302,28.0,Sat,2023-03-18,15:00,Aston Villa,2,,0,Bournemouth,,Villa Park,,Head-to-Head,
303,303,28.0,Sat,2023-03-18,15:00,Chelsea,2,,1,Everton,,Stamford Bridge,,Head-to-Head,
304,304,28.0,Sat,2023-03-18,15:00,Arsenal,2,,2,Crystal Palace,,Emirates Stadium,,Head-to-Head,
305,305,28.0,Sat,2023-03-18,15:00,Southampton,2,,2,Tottenham,,St. Mary's Stadium,,Head-to-Head,
306,306,28.0,Sat,2023-03-18,15:00,Manchester City,2,,0,West Ham,,Etihad Stadium,,Head-to-Head,
307,307,,,,,,,,,,,,,,
308,308,29.0,Sat,2023-04-01,15:00,Newcastle Utd,1,,2,Manchester Utd,,St. James' Park,,Head-to-Head,
309,309,29.0,Sat,2023-04-01,15:00,Arsenal,3,,1,Leeds United,,Emirates Stadium,,Head-to-Head,
310,310,29.0,Sat,2023-04-01,15:00,Manchester City,2,,1,Liverpool,,Etihad Stadium,,Head-to-Head,
311,311,29.0,Sat,2023-04-01,15:00,West Ham,2,,1,Southampton,,London Stadium,,Head-to-Head,
312,312,29.0,Sat,2023-04-01,15:00,Chelsea,3,,1,Aston Villa,,Stamford Bridge,,Head-to-Head,
313,313,29.0,Sat,2023-04-01,15:00,Everton,1,,2,Tottenham,,Goodison Park,,Head-to-Head,
314,314,29.0,Sat,2023-04-01,15:00,Nott'ham Forest,0,,2,Wolves,,The City Ground,,Head-to-Head,
315,315,29.0,Sat,2023-04-01,15:00,Brighton,1,,1,Brentford,,The American Express Community Stadium,,Head-to-Head,
316,316,29.0,Sat,2023-04-01,15:00,Crystal Palace,1,,2,Leicester City,,Selhurst Park,,Head-to-Head,
317,317,29.0,Sat,2023-04-01,15:00,Bournemouth,1,,1,Fulham,,Vitality Stadium,,Head-to-Head,
318,318,,,,,,,,,,,,,,
319,319,30.0,Sat,2023-04-08,15:00,Fulham,1,,2,West Ham,,Craven Cottage,,Head-to-Head,
320,320,30.0,Sat,2023-04-08,15:00,Aston Villa,2,,1,Nott'ham Forest,,Villa Park,,Head-to-Head,
321,321,30.0,Sat,2023-04-08,15:00,Leicester City,2,,0,Bournemouth,,King Power Stadium,,Head-to-Head,
322,322,30.0,Sat,2023-04-08,15:00,Leeds United,1,,1,Crystal Palace,,Elland Road,,Head-to-Head,
323,323,30.0,Sat,2023-04-08,15:00,Brentford,1,,2,Newcastle Utd,,Brentford Community Stadium,,Head-to-Head,
324,324,30.0,Sat,2023-04-08,15:00,Wolves,1,,2,Chelsea,,Molineux Stadium,,Head-to-Head,
325,325,30.0,Sat,2023-04-08,15:00,Tottenham,1,,1,Brighton,,Tottenham Hotspur Stadium,,Head-to-Head,
326,326,30.0,Sat,2023-04-08,15:00,Manchester Utd,2,,1,Everton,,Old Trafford,,Head-to-Head,
327,327,30.0,Sat,2023-04-08,15:00,Liverpool,2,,0,Arsenal,,Anfield,,Head-to-Head,
328,328,30.0,Sat,2023-04-08,15:00,Southampton,0,,3,Manchester City,,St. Mary's Stadium,,Head-to-Head,
329,329,,,,,,,,,,,,,,
330,330,31.0,Sat,2023-04-15,15:00,Chelsea,1,,1,Brighton,,Stamford Bridge,,Head-to-Head,
331,331,31.0,Sat,2023-04-15,15:00,West Ham,1,,2,Arsenal,,London Stadium,,Head-to-Head,
332,332,31.0,Sat,2023-04-15,15:00,Nott'ham Forest,1,,2,Manchester Utd,,The City Ground,,Head-to-Head,
333,333,31.0,Sat,2023-04-15,15:00,Southampton,1,,2,Crystal Palace,,St. Mary's Stadium,,Head-to-Head,
334,334,31.0,Sat,2023-04-15,15:00,Aston Villa,1,,1,Newcastle Utd,,Villa Park,,Head-to-Head,
335,335,31.0,Sat,2023-04-15,15:00,Wolves,1,,1,Brentford,,Molineux Stadium,,Head-to-Head,
336,336,31.0,Sat,2023-04-15,15:00,Tottenham,4,,0,Bournemouth,,Tottenham Hotspur Stadium,,Head-to-Head,
337,337,31.0,Sat,2023-04-15,15:00,Manchester City,3,,1,Leicester City,,Etihad Stadium,,Head-to-Head,
338,338,31.0,Sat,2023-04-15,15:00,Everton,1,,2,Fulham,,Goodison Park,,Head-to-Head,
339,339,31.0,Sat,2023-04-15,15:00,Leeds United,0,,4,Liverpool,,Elland Road,,Head-to-Head,
340,340,,,,,,,,,,,,,,
341,341,32.0,Sat,2023-04-22,15:00,Arsenal,2,,1,Southampton,,Emirates Stadium,,Head-to-Head,
342,342,32.0,Sat,2023-04-22,15:00,Crystal Palace,2,,0,Everton,,Selhurst Park,,Head-to-Head,
343,343,32.0,Sat,2023-04-22,15:00,Brentford,1,,1,Aston Villa,,Brentford Community Stadium,,Head-to-Head,
344,344,32.0,Sat,2023-04-22,15:00,Bournemouth,0,,3,West Ham,,Vitality Stadium,,Head-to-Head,
345,345,32.0,Sat,2023-04-22,15:00,Liverpool,3,,0,Nott'ham Forest,,Anfield,,Head-to-Head,
346,346,32.0,Sat,2023-04-22,15:00,Leicester City,1,,1,Wolves,,King Power Stadium,,Head-to-Head,
347,347,32.0,Sat,2023-04-22,15:00,Manchester Utd,1,,1,Chelsea,,Old Trafford,,Head-to-Head,
348,348,32.0,Sat,2023-04-22,15:00,Brighton,0,,3,Manchester City,,The American Express Community Stadium,,Head-to-Head,
349,349,32.0,Sat,2023-04-22,15:00,Newcastle Utd,1,,3,Tottenham,,St. James' Park,,Head-to-Head,
350,350,32.0,Sat,2023-04-22,15:00,Fulham,1,,2,Leeds United,,Craven Cottage,,Head-to-Head,
351,351,,,,,,,,,,,,,,
352,352,33.0,Tue,2023-04-25,19:45,Everton,1,,1,Newcastle Utd,,Goodison Park,,Head-to-Head,
353,353,33.0,Tue,2023-04-25,19:45,Leeds United,1,,2,Leicester City,,Elland Road,,Head-to-Head,
354,354,33.0,Tue,2023-04-25,19:45,Nott'ham Forest,2,,2,Brighton,,The City Ground,,Head-to-Head,
355,355,33.0,Tue,2023-04-25,19:45,Wolves,1,,2,Crystal Palace,,Molineux Stadium,,Head-to-Head,
356,356,33.0,Tue,2023-04-25,19:45,Tottenham,1,,2,Manchester Utd,,Tottenham Hotspur Stadium,,Head-to-Head,
357,357,33.0,Tue,2023-04-25,19:45,West Ham,1,,1,Liverpool,,London Stadium,,Head-to-Head,
358,358,33.0,Tue,2023-04-25,20:00,Aston Villa,1,,2,Fulham,,Villa Park,,Head-to-Head,
359,359,33.0,Wed,2023-04-26,19:45,Chelsea,2,,2,Brentford,,Stamford Bridge,,Head-to-Head,
360,360,33.0,Wed,2023-04-26,19:45,Southampton,1,,1,Bournemouth,,St. Mary's Stadium,,Head-to-Head,
361,361,33.0,Wed,2023-04-26,20:00,Manchester City,2,,0,Arsenal,,Etihad Stadium,,Head-to-Head,
362,362,,,,,,,,,,,,,,
363,363,34.0,Sat,2023-04-29,15:00,Manchester Utd,2,,1,Aston Villa,,Old Trafford,,Head-to-Head,
364,364,34.0,Sat,2023-04-29,15:00,Bournemouth,1,,1,Leeds United,,Vitality Stadium,,Head-to-Head,
365,365,34.0,Sat,2023-04-29,15:00,Brighton,1,,1,Wolves,,The American Express Community Stadium,,Head-to-Head,
366,366,34.0,Sat,2023-04-29,15:00,Arsenal,1,,1,Chelsea,,Emirates Stadium,,Head-to-Head,
367,367,34.0,Sat,2023-04-29,15:00,Brentford,1,,1,Nott'ham Forest,,Brentford Community Stadium,,Head-to-Head,
368,368,34.0,Sat,2023-04-29,15:00,Crystal Palace,2,,1,West Ham,,Selhurst Park,,Head-to-Head,
369,369,34.0,Sat,2023-04-29,15:00,Leicester City,2,,1,Everton,,King Power Stadium,,Head-to-Head,
370,370,34.0,Sat,2023-04-29,15:00,Newcastle Utd,2,,1,Southampton,,St. James' Park,,Head-to-Head,
371,371,34.0,Sat,2023-04-29,15:00,Fulham,1,,4,Manchester City,,Craven Cottage,,Head-to-Head,
372,372,34.0,Sat,2023-04-29,15:00,Liverpool,1,,1,Tottenham,,Anfield,,Head-to-Head,
373,373,,,,,,,,,,,,,,
374,374,35.0,Sat,2023-05-06,15:00,Tottenham,2,,1,Crystal Palace,,Tottenham Hotspur Stadium,,Head-to-Head,
375,375,35.0,Sat,2023-05-06,15:00,Wolves,2,,1,Aston Villa,,Molineux Stadium,,Head-to-Head,
376,376,35.0,Sat,2023-05-06,15:00,Nott'ham Forest,2,,1,Southampton,,The City Ground,,Head-to-Head,
377,377,35.0,Sat,2023-05-06,15:00,Bournemouth,0,,5,Chelsea,,Vitality Stadium,,Head-to-Head,
378,378,35.0,Sat,2023-05-06,15:00,Liverpool,3,,1,Brentford,,Anfield,,Head-to-Head,
379,379,35.0,Sat,2023-05-06,15:00,Manchester City,5,,0,Leeds United,,Etihad Stadium,,Head-to-Head,
380,380,35.0,Sat,2023-05-06,15:00,West Ham,1,,1,Manchester Utd,,London Stadium,,Head-to-Head,
381,381,35.0,Sat,2023-05-06,15:00,Fulham,1,,3,Leicester City,,Craven Cottage,,Head-to-Head,
382,382,35.0,Sat,2023-05-06,15:00,Newcastle Utd,1,,1,Arsenal,,St. James' Park,,Head-to-Head,
383,383,35.0,Sat,2023-05-06,15:00,Brighton,2,,2,Everton,,The American Express Community Stadium,,Head-to-Head,
384,384,,,,,,,,,,,,,,
385,385,36.0,Sat,2023-05-13,15:00,Aston Villa,1,,3,Tottenham,,Villa Park,,Head-to-Head,
386,386,36.0,Sat,2023-05-13,15:00,Everton,0,,3,Manchester City,,Goodison Park,,Head-to-Head,
387,387,36.0,Sat,2023-05-13,15:00,Leicester City,1,,1,Liverpool,,King Power Stadium,,Head-to-Head,
388,388,36.0,Sat,2023-05-13,15:00,Chelsea,3,,0,Nott'ham Forest,,Stamford Bridge,,Head-to-Head,
389,389,36.0,Sat,2023-05-13,15:00,Brentford,2,,1,West Ham,,Brentford Community Stadium,,Head-to-Head,
390,390,36.0,Sat,2023-05-13,15:00,Crystal Palace,2,,0,Bournemouth,,Selhurst Park,,Head-to-Head,
391,391,36.0,Sat,2023-05-13,15:00,Leeds United,1,,1,Newcastle Utd,,Elland Road,,Head-to-Head,
392,392,36.0,Sat,2023-05-13,15:00,Arsenal,1,,1,Brighton,,Emirates Stadium,,Head-to-Head,
393,393,36.0,Sat,2023-05-13,15:00,Southampton,1,,1,Fulham,,St. Mary's Stadium,,Head-to-Head,
394,394,36.0,Sat,2023-05-13,15:00,Manchester Utd,1,,1,Wolves,,Old Trafford,,Head-to-Head,
395,395,,,,,,,,,,,,,,
396,396,37.0,Sat,2023-05-20,15:00,Brighton,1,,1,Southampton,,The American Express Community Stadium,,Head-to-Head,
397,397,37.0,Sat,2023-05-20,15:00,West Ham,2,,2,Leeds United,,London Stadium,,Head-to-Head,
398,398,37.0,Sat,2023-05-20,15:00,Tottenham,2,,1,Brentford,,Tottenham Hotspur Stadium,,Head-to-Head,
399,399,37.0,Sat,2023-05-20,15:00,Manchester City,1,,1,Chelsea,,Etihad Stadium,,Head-to-Head,
400,400,37.0,Sat,2023-05-20,15:00,Liverpool,2,,0,Aston Villa,,Anfield,,Head-to-Head,
401,401,37.0,Sat,2023-05-20,15:00,Newcastle Utd,1,,2,Leicester City,,St. James' Park,,Head-to-Head,
402,402,37.0,Sat,2023-05-20,15:00,Fulham,1,,2,Crystal Palace,,Craven Cottage,,Head-to-Head,
403,403,37.0,Sat,2023-05-20,15:00,Nott'ham Forest,1,,2,Arsenal,,The City Ground,,Head-to-Head,
404,404,37.0,Sat,2023-05-20,15:00,Bournemouth,1,,3,Manchester Utd,,Vitality Stadium,,Head-to-Head,
405,405,37.0,Sat,2023-05-20,15:00,Wolves,1,,1,Everton,,Molineux Stadium,,Head-to-Head,
406,406,,,,,,,,,,,,,,
407,407,38.0,Sun,2023-05-28,15:00,Crystal Palace,2,,0,Nott'ham Forest,,Selhurst Park,,Head-to-Head,
408,408,38.0,Sun,2023-05-28,15:00,Chelsea,2,,1,Newcastle Utd,,Stamford Bridge,,Head-to-Head,
409,409,38.0,Sun,2023-05-28,15:00,Manchester Utd,2,,2,Fulham,,Old Trafford,,Head-to-Head,
410,410,38.0,Sun,2023-05-28,15:00,Arsenal,1,,1,Wolves,,Emirates Stadium,,Head-to-Head,
411,411,38.0,Sun,2023-05-28,15:00,Southampton,0,,3,Liverpool,,St. Mary's Stadium,,Head-to-Head,
412,412,38.0,Sun,2023-05-28,15:00,Everton,1,,1,Bournemouth,,Goodison Park,,Head-to-Head,
413,413,38.0,Sun,2023-05-28,15:00,Leicester City,1,,2,West Ham,,King Power Stadium,,Head-to-Head,
414,414,38.0,Sun,2023-05-28,15:00,Aston Villa,2,,1,Brighton,,Villa Park,,Head-to-Head,
415,415,38.0,Sun,2023-05-28,15:00,Leeds United,1,,3,Tottenham,,Elland Road,,Head-to-Head,
416,416,38.0,Sun,2023-05-28,15:00,Brentford,0,,2,Manchester City,,Brentford Community Stadium,,Head-to-Head,
