,Wk,Day,Date,Time,Home,xG,Score,xG.1,Away,Attendance,Venue,Referee,Match Report,Notes
0,1.0,Fri,2022-08-05,20:00,Crystal Palace,,,,Arsenal,,Selhurst Park,,Head-to-Head,
1,1.0,Sat,2022-08-06,12:30,Fulham,,,,Liverpool,,Craven Cottage,,Head-to-Head,
2,1.0,Sat,2022-08-06,15:00,Tottenham,,,,Southampton,,Tottenham Hotspur Stadium,,Head-to-Head,
3,1.0,Sat,2022-08-06,15:00,Newcastle Utd,,,,Nott'ham Forest,,St. James' Park,,Head-to-Head,
4,1.0,Sat,2022-08-06,15:00,Leeds United,,,,Wolves,,Elland Road,,Head-to-Head,
5,1.0,Sat,2022-08-06,15:00,Bournemouth,,,,Aston Villa,,Vitality Stadium,,Head-to-Head,
6,1.0,Sat,2022-08-06,17:30,Everton,,,,Chelsea,,Goodison Park,,Head-to-Head,
7,1.0,Sun,2022-08-07,14:00,Leicester City,,,,Brentford,,King Power Stadium,,Head-to-Head,
8,1.0,Sun,2022-08-07,14:00,Manchester Utd,,,,Brighton,,Old Trafford,,Head-to-Head,
9,1.0,Sun,2022-08-07,16:30,West Ham,,,,Manchester City,,London Stadium,,Head-to-Head,
10,,,,,,,,,,,,,,
11,2.0,Sat,2022-08-13,12:30,Aston Villa,,,,Everton,,Villa Park,,Head-to-Head,
12,2.0,Sat,2022-08-13,15:00,Manchester City,,,,Bournemouth,,Etihad Stadium,,Head-to-Head,
13,2.0,Sat,2022-08-13,15:00,Southampton,,,,Leeds United,,St. Mary's Stadium,,Head-to-Head,
14,2.0,Sat,2022-08-13,15:00,Wolves,,,,Fulham,,Molineux Stadium,,Head-to-Head,
15,2.0,Sat,2022-08-13,15:00,Arsenal,,,,Leicester City,,Emirates Stadium,,Head-to-Head,
16,2.0,Sat,2022-08-13,15:00,Brighton,,,,Newcastle Utd,,The American Express Community Stadium,,Head-to-Head,
17,2.0,Sat,2022-08-13,17:30,Brentford,,,,Manchester Utd,,Brentford Community Stadium,,Head-to-Head,
18,2.0,Sun,2022-08-14,14:00,Nott'ham Forest,,,,West Ham,,The City Ground,,Head-to-Head,
19,2.0,Sun,2022-08-14,16:30,Chelsea,,,,Tottenham,,Stamford Bridge,,Head-to-Head,
20,2.0,Mon,2022-08-15,20:00,Liverpool,,,,Crystal Palace,,Anfield,,Head-to-Head,
21,,,,,,,,,,,,,,
22,3.0,Sat,2022-08-20,12:30,Tottenham,,,,Wolves,,Tottenham Hotspur Stadium,,Head-to-Head,
23,3.0,Sat,2022-08-20,15:00,Leicester City,,,,Southampton,,King Power Stadium,,Head-to-Head,
24,3.0,Sat,2022-08-20,15:00,Everton,,,,Nott'ham Forest,,Goodison Park,,Head-to-Head,
25,3.0,Sat,2022-08-20,15:00,Crystal Palace,,,,Aston Villa,,Selhurst Park,,Head-to-Head,
26,3.0,Sat,2022-08-20,15:00,Fulham,,,,Brentford,,Craven Cottage,,Head-to-Head,
27,3.0,Sat,2022-08-20,17:30,Bournemouth,,,,Arsenal,,Vitality Stadium,,Head-to-Head,
28,3.0,Sun,2022-08-21,14:00,Leeds United,,,,Chelsea,,Elland Road,,Head-to-Head,
29,3.0,Sun,2022-08-21,14:00,West Ham,,,,Brighton,,London Stadium,,Head-to-Head,
30,3.0,Sun,2022-08-21,16:30,Newcastle Utd,,,,Manchester City,,St. James' Park,,Head-to-Head,
31,3.0,Mon,2022-08-22,20:00,Manchester Utd,,,,Liverpool,,Old Trafford,,Head-to-Head,
32,,,,,,,,,,,,,,
33,4.0,Sat,2022-08-27,12:30,Southampton,,,,Manchester Utd,,St. Mary's Stadium,,Head-to-Head,
34,4.0,Sat,2022-08-27,15:00,Manchester City,,,,Crystal Palace,,Etihad Stadium,,Head-to-Head,
35,4.0,Sat,2022-08-27,15:00,Brighton,,,,Leeds United,,The American Express Community Stadium,,Head-to-Head,
36,4.0,Sat,2022-08-27,15:00,Chelsea,,,,Leicester City,,Stamford Bridge,,Head-to-Head,
37,4.0,Sat,2022-08-27,15:00,Brentford,,,,Everton,,Brentford Community Stadium,,Head-to-Head,
38,4.0,Sat,2022-08-27,15:00,Liverpool,,,,Bournemouth,,Anfield,,Head-to-Head,
39,4.0,Sat,2022-08-27,17:30,Arsenal,,,,Fulham,,Emirates Stadium,,Head-to-Head,
40,4.0,Sun,2022-08-28,14:00,Wolves,,,,Newcastle Utd,,Molineux Stadium,,Head-to-Head,
41,4.0,Sun,2022-08-28,14:00,Aston Villa,,,,West Ham,,Villa Park,,Head-to-Head,
42,4.0,Sun,2022-08-28,16:30,Nott'ham Forest,,,,Tottenham,,The City Ground,,Head-to-Head,
43,,,,,,,,,,,,,,
44,5.0,Tue,2022-08-30,19:30,Fulham,,,,Brighton,,Craven Cottage,,Head-to-Head,
45,5.0,Tue,2022-08-30,19:30,Crystal Palace,,,,Brentford,,Selhurst Park,,Head-to-Head,
46,5.0,Tue,2022-08-30,19:45,Southampton,,,,Chelsea,,St. Mary's Stadium,,Head-to-Head,
47,5.0,Tue,2022-08-30,20:00,Leeds United,,,,Everton,,Elland Road,,Head-to-Head,
48,5.0,Wed,2022-08-31,19:30,Bournemouth,,,,Wolves,,Vitality Stadium,,Head-to-Head,
49,5.0,Wed,2022-08-31,19:30,Manchester City,,,,Nott'ham Forest,,Etihad Stadium,,Head-to-Head,
50,5.0,Wed,2022-08-31,19:30,Arsenal,,,,Aston Villa,,Emirates Stadium,,Head-to-Head,
51,5.0,Wed,2022-08-31,19:45,West Ham,,,,Tottenham,,London Stadium,,Head-to-Head,
52,5.0,Wed,2022-08-31,20:00,Liverpool,,,,Newcastle Utd,,Anfield,,Head-to-Head,
53,5.0,Thu,2022-09-01,20:00,Leicester City,,,,Manchester Utd,,King Power Stadium,,Head-to-Head,
54,,,,,,,,,,,,,,
55,6.0,Sat,2022-09-03,12:30,Everton,,,,Liverpool,,Goodison Park,,Head-to-Head,
56,6.0,Sat,2022-09-03,15:00,Nott'ham Forest,,,,Bournemouth,,The City Ground,,Head-to-Head,
57,6.0,Sat,2022-09-03,15:00,Wolves,,,,Southampton,,Molineux Stadium,,Head-to-Head,
58,6.0,Sat,2022-09-03,15:00,Newcastle Utd,,,,Crystal Palace,,St. James' Park,,Head-to-Head,
59,6.0,Sat,2022-09-03,15:00,Brentford,,,,Leeds United,,Brentford Community Stadium,,Head-to-Head,
60,6.0,Sat,2022-09-03,15:00,Tottenham,,,,Fulham,,Tottenham Hotspur Stadium,,Head-to-Head,
61,6.0,Sat,2022-09-03,17:30,Aston Villa,,,,Manchester City,,Villa Park,,Head-to-Head,
62,6.0,Sun,2022-09-04,14:00,Brighton,,,,Leicester City,,The American Express Community Stadium,,Head-to-Head,
63,6.0,Sun,2022-09-04,14:00,Chelsea,,,,West Ham,,Stamford Bridge,,Head-to-Head,
64,6.0,Sun,2022-09-04,16:30,Manchester Utd,,,,Arsenal,,Old Trafford,,Head-to-Head,
65,,,,,,,,,,,,,,
66,7.0,Sat,2022-09-10,12:30,Fulham,,,,Chelsea,,Craven Cottage,,Head-to-Head,
67,7.0,Sat,2022-09-10,15:00,Liverpool,,,,Wolves,,Anfield,,Head-to-Head,
68,7.0,Sat,2022-09-10,15:00,Bournemouth,,,,Brighton,,Vitality Stadium,,Head-to-Head,
69,7.0,Sat,2022-09-10,15:00,Southampton,,,,Brentford,,St. Mary's Stadium,,Head-to-Head,
70,7.0,Sat,2022-09-10,15:00,Leicester City,,,,Aston Villa,,King Power Stadium,,Head-to-Head,
71,7.0,Sat,2022-09-10,17:30,Manchester City,,,,Tottenham,,Etihad Stadium,,Head-to-Head,
72,7.0,Sun,2022-09-11,14:00,West Ham,,,,Newcastle Utd,,London Stadium,,Head-to-Head,
73,7.0,Sun,2022-09-11,14:00,Arsenal,,,,Everton,,Emirates Stadium,,Head-to-Head,
74,7.0,Sun,2022-09-11,16:30,Crystal Palace,,,,Manchester Utd,,Selhurst Park,,Head-to-Head,
75,7.0,Mon,2022-09-12,20:00,Leeds United,,,,Nott'ham Forest,,Elland Road,,Head-to-Head,
76,,,,,,,,,,,,,,
77,8.0,Fri,2022-09-16,20:00,Aston Villa,,,,Southampton,,Villa Park,,Head-to-Head,
78,8.0,Fri,2022-09-16,20:00,Nott'ham Forest,,,,Fulham,,The City Ground,,Head-to-Head,
79,8.0,Sat,2022-09-17,12:30,Wolves,,,,Manchester City,,Molineux Stadium,,Head-to-Head,
80,8.0,Sat,2022-09-17,15:00,Newcastle Utd,,,,Bournemouth,,St. James' Park,,Head-to-Head,
81,8.0,Sat,2022-09-17,15:00,Everton,,,,West Ham,,Goodison Park,,Head-to-Head,
82,8.0,Sat,2022-09-17,15:00,Brighton,,,,Crystal Palace,,The American Express Community Stadium,,Head-to-Head,
83,8.0,Sat,2022-09-17,17:30,Tottenham,,,,Leicester City,,Tottenham Hotspur Stadium,,Head-to-Head,
84,8.0,Sun,2022-09-18,14:00,Manchester Utd,,,,Leeds United,,Old Trafford,,Head-to-Head,
85,8.0,Sun,2022-09-18,14:00,Brentford,,,,Arsenal,,Brentford Community Stadium,,Head-to-Head,
86,8.0,Sun,2022-09-18,16:30,Chelsea,,,,Liverpool,,Stamford Bridge,,Head-to-Head,
87,,,,,,,,,,,,,,
88,9.0,Sat,2022-10-01,15:00,Southampton,,,,Everton,,St. Mary's Stadium,,Head-to-Head,
89,9.0,Sat,2022-10-01,15:00,Crystal Palace,,,,Chelsea,,Selhurst Park,,Head-to-Head,
90,9.0,Sat,2022-10-01,15:00,Leeds United,,,,Aston Villa,,Elland Road,,Head-to-Head,
91,9.0,Sat,2022-10-01,15:00,Manchester City,,,,Manchester Utd,,Etihad Stadium,,Head-to-Head,
92,9.0,Sat,2022-10-01,15:00,West Ham,,,,Wolves,,London Stadium,,Head-to-Head,
93,9.0,Sat,2022-10-01,15:00,Leicester City,,,,Nott'ham Forest,,King Power Stadium,,Head-to-Head,
94,9.0,Sat,2022-10-01,15:00,Liverpool,,,,Brighton,,Anfield,,Head-to-Head,
95,9.0,Sat,2022-10-01,15:00,Arsenal,,,,Tottenham,,Emirates Stadium,,Head-to-Head,
96,9.0,Sat,2022-10-01,15:00,Fulham,,,,Newcastle Utd,,Craven Cottage,,Head-to-Head,
97,9.0,Sat,2022-10-01,15:00,Bournemouth,,,,Brentford,,Vitality Stadium,,Head-to-Head,
98,,,,,,,,,,,,,,
99,10.0,Sat,2022-10-08,15:00,Brighton,,,,Tottenham,,The American Express Community Stadium,,Head-to-Head,
100,10.0,Sat,2022-10-08,15:00,West Ham,,,,Fulham,,London Stadium,,Head-to-Head,
101,10.0,Sat,2022-10-08,15:00,Everton,,,,Manchester Utd,,Goodison Park,,Head-to-Head,
102,10.0,Sat,2022-10-08,15:00,Bournemouth,,,,Leicester City,,Vitality Stadium,,Head-to-Head,
103,10.0,Sat,2022-10-08,15:00,Newcastle Utd,,,,Brentford,,St. James' Park,,Head-to-Head,
104,10.0,Sat,2022-10-08,15:00,Arsenal,,,,Liverpool,,Emirates Stadium,,Head-to-Head,
105,10.0,Sat,2022-10-08,15:00,Manchester City,,,,Southampton,,Etihad Stadium,,Head-to-Head,
106,10.0,Sat,2022-10-08,15:00,Chelsea,,,,Wolves,,Stamford Bridge,,Head-to-Head,
107,10.0,Sat,2022-10-08,15:00,Crystal Palace,,,,Leeds United,,Selhurst Park,,Head-to-Head,
108,10.0,Sat,2022-10-08,15:00,Nott'ham Forest,,,,Aston Villa,,The City Ground,,Head-to-Head,
109,,,,,,,,,,,,,,
110,11.0,Sat,2022-10-15,15:00,Liverpool,,,,Manchester City,,Anfield,,Head-to-Head,
111,11.0,Sat,2022-10-15,15:00,Southampton,,,,West Ham,,St. Mary's Stadium,,Head-to-Head,
112,11.0,Sat,2022-10-15,15:00,Leicester City,,,,Crystal Palace,,King Power Stadium,,Head-to-Head,
113,11.0,Sat,2022-10-15,15:00,Brentford,,,,Brighton,,Brentford Community Stadium,,Head-to-Head,
114,11.0,Sat,2022-10-15,15:00,Aston Villa,,,,Chelsea,,Villa Park,,Head-to-Head,
115,11.0,Sat,2022-10-15,15:00,Leeds United,,,,Arsenal,,Elland Road,,Head-to-Head,
116,11.0,Sat,2022-10-15,15:00,Fulham,,,,Bournemouth,,Craven Cottage,,Head-to-Head,
117,11.0,Sat,2022-10-15,15:00,Wolves,,,,Nott'ham Forest,,Molineux Stadium,,Head-to-Head,
118,11.0,Sat,2022-10-15,15:00,Manchester Utd,,,,Newcastle Utd,,Old Trafford,,Head-to-Head,
119,11.0,Sat,2022-10-15,15:00,Tottenham,,,,Everton,,Tottenham Hotspur Stadium,,Head-to-Head,
120,,,,,,,,,,,,,,
121,12.0,Tue,2022-10-18,19:45,Brighton,,,,Nott'ham Forest,,The American Express Community Stadium,,Head-to-Head,
122,12.0,Tue,2022-10-18,19:45,Leicester City,,,,Leeds United,,King Power Stadium,,Head-to-Head,
123,12.0,Tue,2022-10-18,19:45,Bournemouth,,,,Southampton,,Vitality Stadium,,Head-to-Head,
124,12.0,Tue,2022-10-18,19:45,Brentford,,,,Chelsea,,Brentford Community Stadium,,Head-to-Head,
125,12.0,Tue,2022-10-18,19:45,Arsenal,,,,Manchester City,,Emirates Stadium,,Head-to-Head,
126,12.0,Tue,2022-10-18,19:45,Fulham,,,,Aston Villa,,Craven Cottage,,Head-to-Head,
127,12.0,Tue,2022-10-18,20:00,Crystal Palace,,,,Wolves,,Selhurst Park,,Head-to-Head,
128,12.0,Wed,2022-10-19,19:45,Newcastle Utd,,,,Everton,,St. James' Park,,Head-to-Head,
129,12.0,Wed,2022-10-19,20:00,Liverpool,,,,West Ham,,Anfield,,Head-to-Head,
130,12.0,Wed,2022-10-19,20:00,Manchester Utd,,,,Tottenham,,Old Trafford,,Head-to-Head,
131,,,,,,,,,,,,,,
132,13.0,Sat,2022-10-22,15:00,Everton,,,,Crystal Palace,,Goodison Park,,Head-to-Head,
133,13.0,Sat,2022-10-22,15:00,Aston Villa,,,,Brentford,,Villa Park,,Head-to-Head,
134,13.0,Sat,2022-10-22,15:00,Chelsea,,,,Manchester Utd,,Stamford Bridge,,Head-to-Head,
135,13.0,Sat,2022-10-22,15:00,Wolves,,,,Leicester City,,Molineux Stadium,,Head-to-Head,
136,13.0,Sat,2022-10-22,15:00,Tottenham,,,,Newcastle Utd,,Tottenham Hotspur Stadium,,Head-to-Head,
137,13.0,Sat,2022-10-22,15:00,Manchester City,,,,Brighton,,Etihad Stadium,,Head-to-Head,
138,13.0,Sat,2022-10-22,15:00,Leeds United,,,,Fulham,,Elland Road,,Head-to-Head,
139,13.0,Sat,2022-10-22,15:00,Southampton,,,,Arsenal,,St. Mary's Stadium,,Head-to-Head,
140,13.0,Sat,2022-10-22,15:00,West Ham,,,,Bournemouth,,London Stadium,,Head-to-Head,
141,13.0,Sat,2022-10-22,15:00,Nott'ham Forest,,,,Liverpool,,The City Ground,,Head-to-Head,
142,,,,,,,,,,,,,,
143,14.0,Sat,2022-10-29,15:00,Arsenal,,,,Nott'ham Forest,,Emirates Stadium,,Head-to-Head,
144,14.0,Sat,2022-10-29,15:00,Brentford,,,,Wolves,,Brentford Community Stadium,,Head-to-Head,
145,14.0,Sat,2022-10-29,15:00,Crystal Palace,,,,Southampton,,Selhurst Park,,Head-to-Head,
146,14.0,Sat,2022-10-29,15:00,Leicester City,,,,Manchester City,,King Power Stadium,,Head-to-Head,
147,14.0,Sat,2022-10-29,15:00,Newcastle Utd,,,,Aston Villa,,St. James' Park,,Head-to-Head,
148,14.0,Sat,2022-10-29,15:00,Fulham,,,,Everton,,Craven Cottage,,Head-to-Head,
149,14.0,Sat,2022-10-29,15:00,Brighton,,,,Chelsea,,The American Express Community Stadium,,Head-to-Head,
150,14.0,Sat,2022-10-29,15:00,Liverpool,,,,Leeds United,,Anfield,,Head-to-Head,
151,14.0,Sat,2022-10-29,15:00,Manchester Utd,,,,West Ham,,Old Trafford,,Head-to-Head,
152,14.0,Sat,2022-10-29,15:00,Bournemouth,,,,Tottenham,,Vitality Stadium,,Head-to-Head,
153,,,,,,,,,,,,,,
154,15.0,Sat,2022-11-05,15:00,Nott'ham Forest,,,,Brentford,,The City Ground,,Head-to-Head,
155,15.0,Sat,2022-11-05,15:00,West Ham,,,,Crystal Palace,,London Stadium,,Head-to-Head,
156,15.0,Sat,2022-11-05,15:00,Tottenham,,,,Liverpool,,Tottenham Hotspur Stadium,,Head-to-Head,
157,15.0,Sat,2022-11-05,15:00,Southampton,,,,Newcastle Utd,,St. Mary's Stadium,,Head-to-Head,
158,15.0,Sat,2022-11-05,15:00,Leeds United,,,,Bournemouth,,Elland Road,,Head-to-Head,
159,15.0,Sat,2022-11-05,15:00,Aston Villa,,,,Manchester Utd,,Villa Park,,Head-to-Head,
160,15.0,Sat,2022-11-05,15:00,Manchester City,,,,Fulham,,Etihad Stadium,,Head-to-Head,
161,15.0,Sat,2022-11-05,15:00,Everton,,,,Leicester City,,Goodison Park,,Head-to-Head,
162,15.0,Sat,2022-11-05,15:00,Wolves,,,,Brighton,,Molineux Stadium,,Head-to-Head,
163,15.0,Sat,2022-11-05,15:00,Chelsea,,,,Arsenal,,Stamford Bridge,,Head-to-Head,
164,,,,,,,,,,,,,,
165,16.0,Sat,2022-11-12,15:00,Tottenham,,,,Leeds United,,Tottenham Hotspur Stadium,,Head-to-Head,
166,16.0,Sat,2022-11-12,15:00,Liverpool,,,,Southampton,,Anfield,,Head-to-Head,
167,16.0,Sat,2022-11-12,15:00,Manchester City,,,,Brentford,,Etihad Stadium,,Head-to-Head,
168,16.0,Sat,2022-11-12,15:00,Bournemouth,,,,Everton,,Vitality Stadium,,Head-to-Head,
169,16.0,Sat,2022-11-12,15:00,West Ham,,,,Leicester City,,London Stadium,,Head-to-Head,
170,16.0,Sat,2022-11-12,15:00,Wolves,,,,Arsenal,,Molineux Stadium,,Head-to-Head,
171,16.0,Sat,2022-11-12,15:00,Brighton,,,,Aston Villa,,The American Express Community Stadium,,Head-to-Head,
172,16.0,Sat,2022-11-12,15:00,Fulham,,,,Manchester Utd,,Craven Cottage,,Head-to-Head,
173,16.0,Sat,2022-11-12,15:00,Newcastle Utd,,,,Chelsea,,St. James' Park,,Head-to-Head,
174,16.0,Sat,2022-11-12,15:00,Nott'ham Forest,,,,Crystal Palace,,The City Ground,,Head-to-Head,
175,,,,,,,,,,,,,,
176,17.0,Mon,2022-12-26,15:00,Brentford,,,,Tottenham,,Brentford Community Stadium,,Head-to-Head,
177,17.0,Mon,2022-12-26,15:00,Southampton,,,,Brighton,,St. Mary's Stadium,,Head-to-Head,
178,17.0,Mon,2022-12-26,15:00,Arsenal,,,,West Ham,,Emirates Stadium,,Head-to-Head,
179,17.0,Mon,2022-12-26,15:00,Leicester City,,,,Newcastle Utd,,King Power Stadium,,Head-to-Head,
180,17.0,Mon,2022-12-26,15:00,Leeds United,,,,Manchester City,,Elland Road,,Head-to-Head,
181,17.0,Mon,2022-12-26,15:00,Aston Villa,,,,Liverpool,,Villa Park,,Head-to-Head,
182,17.0,Mon,2022-12-26,15:00,Manchester Utd,,,,Nott'ham Forest,,Old Trafford,,Head-to-Head,
183,17.0,Mon,2022-12-26,15:00,Crystal Palace,,,,Fulham,,Selhurst Park,,Head-to-Head,
184,17.0,Mon,2022-12-26,15:00,Chelsea,,,,Bournemouth,,Stamford Bridge,,Head-to-Head,
185,17.0,Mon,2022-12-26,15:00,Everton,,,,Wolves,,Goodison Park,,Head-to-Head,
186,,,,,,,,,,,,,,
187,18.0,Sat,2022-12-31,15:00,Newcastle Utd,,,,Leeds United,,St. James' Park,,Head-to-Head,
188,18.0,Sat,2022-12-31,15:00,West Ham,,,,Brentford,,London Stadium,,Head-to-Head,
189,18.0,Sat,2022-12-31,15:00,Tottenham,,,,Aston Villa,,Tottenham Hotspur Stadium,,Head-to-Head,
190,18.0,Sat,2022-12-31,15:00,Wolves,,,,Manchester Utd,,Molineux Stadium,,Head-to-Head,
191,18.0,Sat,2022-12-31,15:00,Fulham,,,,Southampton,,Craven Cottage,,Head-to-Head,
192,18.0,Sat,2022-12-31,15:00,Manchester City,,,,Everton,,Etihad Stadium,,Head-to-Head,
193,18.0,Sat,2022-12-31,15:00,Nott'ham Forest,,,,Chelsea,,The City Ground,,Head-to-Head,
194,18.0,Sat,2022-12-31,15:00,Liverpool,,,,Leicester City,,Anfield,,Head-to-Head,
195,18.0,Sat,2022-12-31,15:00,Bournemouth,,,,Crystal Palace,,Vitality Stadium,,Head-to-Head,
196,18.0,Sat,2022-12-31,15:00,Brighton,,,,Arsenal,,The American Express Community Stadium,,Head-to-Head,
197,,,,,,,,,,,,,,
198,19.0,Mon,2023-01-02,15:00,Leeds United,,,,West Ham,,Elland Road,,Head-to-Head,
199,19.0,Mon,2023-01-02,15:00,Leicester City,,,,Fulham,,King Power Stadium,,Head-to-Head,
200,19.0,Mon,2023-01-02,15:00,Manchester Utd,,,,Bournemouth,,Old Trafford,,Head-to-Head,
201,19.0,Mon,2023-01-02,15:00,Aston Villa,,,,Wolves,,Villa Park,,Head-to-Head,
202,19.0,Mon,2023-01-02,15:00,Brentford,,,,Liverpool,,Brentford Community Stadium,,Head-to-Head,
203,19.0,Mon,2023-01-02,15:00,Everton,,,,Brighton,,Goodison Park,,Head-to-Head,
204,19.0,Mon,2023-01-02,15:00,Southampton,,,,Nott'ham Forest,,St. Mary's Stadium,,Head-to-Head,
205,19.0,Mon,2023-01-02,15:00,Arsenal,,,,Newcastle Utd,,Emirates Stadium,,Head-to-Head,
206,19.0,Mon,2023-01-02,15:00,Crystal Palace,,,,Tottenham,,Selhurst Park,,Head-to-Head,
207,19.0,Mon,2023-01-02,15:00,Chelsea,,,,Manchester City,,Stamford Bridge,,Head-to-Head,
208,,,,,,,,,,,,,,
209,20.0,Sat,2023-01-14,15:00,Everton,,,,Southampton,,Goodison Park,,Head-to-Head,
210,20.0,Sat,2023-01-14,15:00,Wolves,,,,West Ham,,Molineux Stadium,,Head-to-Head,
211,20.0,Sat,2023-01-14,15:00,Brentford,,,,Bournemouth,,Brentford Community Stadium,,Head-to-Head,
212,20.0,Sat,2023-01-14,15:00,Tottenham,,,,Arsenal,,Tottenham Hotspur Stadium,,Head-to-Head,
213,20.0,Sat,2023-01-14,15:00,Chelsea,,,,Crystal Palace,,Stamford Bridge,,Head-to-Head,
214,20.0,Sat,2023-01-14,15:00,Nott'ham Forest,,,,Leicester City,,The City Ground,,Head-to-Head,
215,20.0,Sat,2023-01-14,15:00,Brighton,,,,Liverpool,,The American Express Community Stadium,,Head-to-Head,
216,20.0,Sat,2023-01-14,15:00,Aston Villa,,,,Leeds United,,Villa Park,,Head-to-Head,
217,20.0,Sat,2023-01-14,15:00,Manchester Utd,,,,Manchester City,,Old Trafford,,Head-to-Head,
218,20.0,Sat,2023-01-14,15:00,Newcastle Utd,,,,Fulham,,St. James' Park,,Head-to-Head,
219,,,,,,,,,,,,,,
220,21.0,Sat,2023-01-21,15:00,Fulham,,,,Tottenham,,Craven Cottage,,Head-to-Head,
221,21.0,Sat,2023-01-21,15:00,Arsenal,,,,Manchester Utd,,Emirates Stadium,,Head-to-Head,
222,21.0,Sat,2023-01-21,15:00,Bournemouth,,,,Nott'ham Forest,,Vitality Stadium,,Head-to-Head,
223,21.0,Sat,2023-01-21,15:00,Manchester City,,,,Wolves,,Etihad Stadium,,Head-to-Head,
224,21.0,Sat,2023-01-21,15:00,Liverpool,,,,Chelsea,,Anfield,,Head-to-Head,
225,21.0,Sat,2023-01-21,15:00,Crystal Palace,,,,Newcastle Utd,,Selhurst Park,,Head-to-Head,
226,21.0,Sat,2023-01-21,15:00,Southampton,,,,Aston Villa,,St. Mary's Stadium,,Head-to-Head,
227,21.0,Sat,2023-01-21,15:00,Leicester City,,,,Brighton,,King Power Stadium,,Head-to-Head,
228,21.0,Sat,2023-01-21,15:00,West Ham,,,,Everton,,London Stadium,,Head-to-Head,
229,21.0,Sat,2023-01-21,15:00,Leeds United,,,,Brentford,,Elland Road,,Head-to-Head,
230,,,,,,,,,,,,,,
231,22.0,Sat,2023-02-04,15:00,Everton,,,,Arsenal,,Goodison Park,,Head-to-Head,
232,22.0,Sat,2023-02-04,15:00,Newcastle Utd,,,,West Ham,,St. James' Park,,Head-to-Head,
233,22.0,Sat,2023-02-04,15:00,Aston Villa,,,,Leicester City,,Villa Park,,Head-to-Head,
234,22.0,Sat,2023-02-04,15:00,Nott'ham Forest,,,,Leeds United,,The City Ground,,Head-to-Head,
235,22.0,Sat,2023-02-04,15:00,Tottenham,,,,Manchester City,,Tottenham Hotspur Stadium,,Head-to-Head,
236,22.0,Sat,2023-02-04,15:00,Chelsea,,,,Fulham,,Stamford Bridge,,Head-to-Head,
237,22.0,Sat,2023-02-04,15:00,Wolves,,,,Liverpool,,Molineux Stadium,,Head-to-Head,
238,22.0,Sat,2023-02-04,15:00,Manchester Utd,,,,Crystal Palace,,Old Trafford,,Head-to-Head,
239,22.0,Sat,2023-02-04,15:00,Brighton,,,,Bournemouth,,The American Express Community Stadium,,Head-to-Head,
240,22.0,Sat,2023-02-04,15:00,Brentford,,,,Southampton,,Brentford Community Stadium,,Head-to-Head,
241,,,,,,,,,,,,,,
242,23.0,Sat,2023-02-11,15:00,West Ham,,,,Chelsea,,London Stadium,,Head-to-Head,
243,23.0,Sat,2023-02-11,15:00,Manchester City,,,,Aston Villa,,Etihad Stadium,,Head-to-Head,
244,23.0,Sat,2023-02-11,15:00,Leeds United,,,,Manchester Utd,,Elland Road,,Head-to-Head,
245,23.0,Sat,2023-02-11,15:00,Leicester City,,,,Tottenham,,King Power Stadium,,Head-to-Head,
246,23.0,Sat,2023-02-11,15:00,Crystal Palace,,,,Brighton,,Selhurst Park,,Head-to-Head,
247,23.0,Sat,2023-02-11,15:00,Arsenal,,,,Brentford,,Emirates Stadium,,Head-to-Head,
248,23.0,Sat,2023-02-11,15:00,Southampton,,,,Wolves,,St. Mary's Stadium,,Head-to-Head,
249,23.0,Sat,2023-02-11,15:00,Liverpool,,,,Everton,,Anfield,,Head-to-Head,
250,23.0,Sat,2023-02-11,15:00,Bournemouth,,,,Newcastle Utd,,Vitality Stadium,,Head-to-Head,
251,23.0,Sat,2023-02-11,15:00,Fulham,,,,Nott'ham Forest,,Craven Cottage,,Head-to-Head,
252,,,,,,,,,,,,,,
253,24.0,Sat,2023-02-18,15:00,Newcastle Utd,,,,Liverpool,,St. James' Park,,Head-to-Head,
254,24.0,Sat,2023-02-18,15:00,Brighton,,,,Fulham,,The American Express Community Stadium,,Head-to-Head,
255,24.0,Sat,2023-02-18,15:00,Nott'ham Forest,,,,Manchester City,,The City Ground,,Head-to-Head,
256,24.0,Sat,2023-02-18,15:00,Chelsea,,,,Southampton,,Stamford Bridge,,Head-to-Head,
257,24.0,Sat,2023-02-18,15:00,Tottenham,,,,West Ham,,Tottenham Hotspur Stadium,,Head-to-Head,
258,24.0,Sat,2023-02-18,15:00,Everton,,,,Leeds United,,Goodison Park,,Head-to-Head,
259,24.0,Sat,2023-02-18,15:00,Manchester Utd,,,,Leicester City,,Old Trafford,,Head-to-Head,
260,24.0,Sat,2023-02-18,15:00,Aston Villa,,,,Arsenal,,Villa Park,,Head-to-Head,
261,24.0,Sat,2023-02-18,15:00,Wolves,,,,Bournemouth,,Molineux Stadium,,Head-to-Head,
262,24.0,Sat,2023-02-18,15:00,Brentford,,,,Crystal Palace,,Brentford Community Stadium,,Head-to-Head,
263,,,,,,,,,,,,,,
264,25.0,Sat,2023-02-25,15:00,Leicester City,,,,Arsenal,,King Power Stadium,,Head-to-Head,
265,25.0,Sat,2023-02-25,15:00,Everton,,,,Aston Villa,,Goodison Park,,Head-to-Head,
266,25.0,Sat,2023-02-25,15:00,West Ham,,,,Nott'ham Forest,,London Stadium,,Head-to-Head,
267,25.0,Sat,2023-02-25,15:00,Crystal Palace,,,,Liverpool,,Selhurst Park,,Head-to-Head,
268,25.0,Sat,2023-02-25,15:00,Tottenham,,,,Chelsea,,Tottenham Hotspur Stadium,,Head-to-Head,
269,25.0,Sat,2023-02-25,15:00,Leeds United,,,,Southampton,,Elland Road,,Head-to-Head,
270,25.0,Sat,2023-02-25,15:00,Fulham,,,,Wolves,,Craven Cottage,,Head-to-Head,
271,25.0,Sat,2023-02-25,15:00,Newcastle Utd,,,,Brighton,,St. James' Park,,Head-to-Head,
272,25.0,Sat,2023-02-25,15:00,Bournemouth,,,,Manchester City,,Vitality Stadium,,Head-to-Head,
273,25.0,Sat,2023-02-25,15:00,Manchester Utd,,,,Brentford,,Old Trafford,,Head-to-Head,
274,,,,,,,,,,,,,,
275,26.0,Sat,2023-03-04,15:00,Brentford,,,,Fulham,,Brentford Community Stadium,,Head-to-Head,
276,26.0,Sat,2023-03-04,15:00,Arsenal,,,,Bournemouth,,Emirates Stadium,,Head-to-Head,
277,26.0,Sat,2023-03-04,15:00,Aston Villa,,,,Crystal Palace,,Villa Park,,Head-to-Head,
278,26.0,Sat,2023-03-04,15:00,Southampton,,,,Leicester City,,St. Mary's Stadium,,Head-to-Head,
279,26.0,Sat,2023-03-04,15:00,Chelsea,,,,Leeds United,,Stamford Bridge,,Head-to-Head,
280,26.0,Sat,2023-03-04,15:00,Liverpool,,,,Manchester Utd,,Anfield,,Head-to-Head,
281,26.0,Sat,2023-03-04,15:00,Manchester City,,,,Newcastle Utd,,Etihad Stadium,,Head-to-Head,
282,26.0,Sat,2023-03-04,15:00,Brighton,,,,West Ham,,The American Express Community Stadium,,Head-to-Head,
283,26.0,Sat,2023-03-04,15:00,Wolves,,,,Tottenham,,Molineux Stadium,,Head-to-Head,
284,26.0,Sat,2023-03-04,15:00,Nott'ham Forest,,,,Everton,,The City Ground,,Head-to-Head,
285,,,,,,,,,,,,,,
286,27.0,Sat,2023-03-11,15:00,Leeds United,,,,Brighton,,Elland Road,,Head-to-Head,
287,27.0,Sat,2023-03-11,15:00,Everton,,,,Brentford,,Goodison Park,,Head-to-Head,
288,27.0,Sat,2023-03-11,15:00,Manchester Utd,,,,Southampton,,Old Trafford,,Head-to-Head,
289,27.0,Sat,2023-03-11,15:00,Leicester City,,,,Chelsea,,King Power Stadium,,Head-to-Head,
290,27.0,Sat,2023-03-11,15:00,Newcastle Utd,,,,Wolves,,St. James' Park,,Head-to-Head,
291,27.0,Sat,2023-03-11,15:00,Tottenham,,,,Nott'ham Forest,,Tottenham Hotspur Stadium,,Head-to-Head,
292,27.0,Sat,2023-03-11,15:00,Fulham,,,,Arsenal,,Craven Cottage,,Head-to-Head,
293,27.0,Sat,2023-03-11,15:00,Crystal Palace,,,,Manchester City,,Selhurst Park,,Head-to-Head,
294,27.0,Sat,2023-03-11,15:00,Bournemouth,,,,Liverpool,,Vitality Stadium,,Head-to-Head,
295,27.0,Sat,2023-03-11,15:00,West Ham,,,,Aston Villa,,London Stadium,,Head-to-Head,
296,,,,,,,,,,,,,,
297,28.0,Sat,2023-03-18,15:00,Brighton,,,,Manchester Utd,,The American Express Community Stadium,,Head-to-Head,
298,28.0,Sat,2023-03-18,15:00,Liverpool,,,,Fulham,,Anfield,,Head-to-Head,
299,28.0,Sat,2023-03-18,15:00,Wolves,,,,Leeds United,,Molineux Stadium,,Head-to-Head,
300,28.0,Sat,2023-03-18,15:00,Nott'ham Forest,,,,Newcastle Utd,,The City Ground,,Head-to-Head,
301,28.0,Sat,2023-03-18,15:00,Brentford,,,,Leicester City,,Brentford Community Stadium,,Head-to-Head,
302,28.0,Sat,2023-03-18,15:00,Aston Villa,,,,Bournemouth,,Villa Park,,Head-to-Head,
303,28.0,Sat,2023-03-18,15:00,Chelsea,,,,Everton,,Stamford Bridge,,Head-to-Head,
304,28.0,Sat,2023-03-18,15:00,Arsenal,,,,Crystal Palace,,Emirates Stadium,,Head-to-Head,
305,28.0,Sat,2023-03-18,15:00,Southampton,,,,Tottenham,,St. Mary's Stadium,,Head-to-Head,
306,28.0,Sat,2023-03-18,15:00,Manchester City,,,,West Ham,,Etihad Stadium,,Head-to-Head,
307,,,,,,,,,,,,,,
308,29.0,Sat,2023-04-01,15:00,Newcastle Utd,,,,Manchester Utd,,St. James' Park,,Head-to-Head,
309,29.0,Sat,2023-04-01,15:00,Arsenal,,,,Leeds United,,Emirates Stadium,,Head-to-Head,
310,29.0,Sat,2023-04-01,15:00,Manchester City,,,,Liverpool,,Etihad Stadium,,Head-to-Head,
311,29.0,Sat,2023-04-01,15:00,West Ham,,,,Southampton,,London Stadium,,Head-to-Head,
312,29.0,Sat,2023-04-01,15:00,Chelsea,,,,Aston Villa,,Stamford Bridge,,Head-to-Head,
313,29.0,Sat,2023-04-01,15:00,Everton,,,,Tottenham,,Goodison Park,,Head-to-Head,
314,29.0,Sat,2023-04-01,15:00,Nott'ham Forest,,,,Wolves,,The City Ground,,Head-to-Head,
315,29.0,Sat,2023-04-01,15:00,Brighton,,,,Brentford,,The American Express Community Stadium,,Head-to-Head,
316,29.0,Sat,2023-04-01,15:00,Crystal Palace,,,,Leicester City,,Selhurst Park,,Head-to-Head,
317,29.0,Sat,2023-04-01,15:00,Bournemouth,,,,Fulham,,Vitality Stadium,,Head-to-Head,
318,,,,,,,,,,,,,,
319,30.0,Sat,2023-04-08,15:00,Fulham,,,,West Ham,,Craven Cottage,,Head-to-Head,
320,30.0,Sat,2023-04-08,15:00,Aston Villa,,,,Nott'ham Forest,,Villa Park,,Head-to-Head,
321,30.0,Sat,2023-04-08,15:00,Leicester City,,,,Bournemouth,,King Power Stadium,,Head-to-Head,
322,30.0,Sat,2023-04-08,15:00,Leeds United,,,,Crystal Palace,,Elland Road,,Head-to-Head,
323,30.0,Sat,2023-04-08,15:00,Brentford,,,,Newcastle Utd,,Brentford Community Stadium,,Head-to-Head,
324,30.0,Sat,2023-04-08,15:00,Wolves,,,,Chelsea,,Molineux Stadium,,Head-to-Head,
325,30.0,Sat,2023-04-08,15:00,Tottenham,,,,Brighton,,Tottenham Hotspur Stadium,,Head-to-Head,
326,30.0,Sat,2023-04-08,15:00,Manchester Utd,,,,Everton,,Old Trafford,,Head-to-Head,
327,30.0,Sat,2023-04-08,15:00,Liverpool,,,,Arsenal,,Anfield,,Head-to-Head,
328,30.0,Sat,2023-04-08,15:00,Southampton,,,,Manchester City,,St. Mary's Stadium,,Head-to-Head,
329,,,,,,,,,,,,,,
330,31.0,Sat,2023-04-15,15:00,Chelsea,,,,Brighton,,Stamford Bridge,,Head-to-Head,
331,31.0,Sat,2023-04-15,15:00,West Ham,,,,Arsenal,,London Stadium,,Head-to-Head,
332,31.0,Sat,2023-04-15,15:00,Nott'ham Forest,,,,Manchester Utd,,The City Ground,,Head-to-Head,
333,31.0,Sat,2023-04-15,15:00,Southampton,,,,Crystal Palace,,St. Mary's Stadium,,Head-to-Head,
334,31.0,Sat,2023-04-15,15:00,Aston Villa,,,,Newcastle Utd,,Villa Park,,Head-to-Head,
335,31.0,Sat,2023-04-15,15:00,Wolves,,,,Brentford,,Molineux Stadium,,Head-to-Head,
336,31.0,Sat,2023-04-15,15:00,Tottenham,,,,Bournemouth,,Tottenham Hotspur Stadium,,Head-to-Head,
337,31.0,Sat,2023-04-15,15:00,Manchester City,,,,Leicester City,,Etihad Stadium,,Head-to-Head,
338,31.0,Sat,2023-04-15,15:00,Everton,,,,Fulham,,Goodison Park,,Head-to-Head,
339,31.0,Sat,2023-04-15,15:00,Leeds United,,,,Liverpool,,Elland Road,,Head-to-Head,
340,,,,,,,,,,,,,,
341,32.0,Sat,2023-04-22,15:00,Arsenal,,,,Southampton,,Emirates Stadium,,Head-to-Head,
342,32.0,Sat,2023-04-22,15:00,Crystal Palace,,,,Everton,,Selhurst Park,,Head-to-Head,
343,32.0,Sat,2023-04-22,15:00,Brentford,,,,Aston Villa,,Brentford Community Stadium,,Head-to-Head,
344,32.0,Sat,2023-04-22,15:00,Bournemouth,,,,West Ham,,Vitality Stadium,,Head-to-Head,
345,32.0,Sat,2023-04-22,15:00,Liverpool,,,,Nott'ham Forest,,Anfield,,Head-to-Head,
346,32.0,Sat,2023-04-22,15:00,Leicester City,,,,Wolves,,King Power Stadium,,Head-to-Head,
347,32.0,Sat,2023-04-22,15:00,Manchester Utd,,,,Chelsea,,Old Trafford,,Head-to-Head,
348,32.0,Sat,2023-04-22,15:00,Brighton,,,,Manchester City,,The American Express Community Stadium,,Head-to-Head,
349,32.0,Sat,2023-04-22,15:00,Newcastle Utd,,,,Tottenham,,St. James' Park,,Head-to-Head,
350,32.0,Sat,2023-04-22,15:00,Fulham,,,,Leeds United,,Craven Cottage,,Head-to-Head,
351,,,,,,,,,,,,,,
352,33.0,Tue,2023-04-25,19:45,Everton,,,,Newcastle Utd,,Goodison Park,,Head-to-Head,
353,33.0,Tue,2023-04-25,19:45,Leeds United,,,,Leicester City,,Elland Road,,Head-to-Head,
354,33.0,Tue,2023-04-25,19:45,Nott'ham Forest,,,,Brighton,,The City Ground,,Head-to-Head,
355,33.0,Tue,2023-04-25,19:45,Wolves,,,,Crystal Palace,,Molineux Stadium,,Head-to-Head,
356,33.0,Tue,2023-04-25,19:45,Tottenham,,,,Manchester Utd,,Tottenham Hotspur Stadium,,Head-to-Head,
357,33.0,Tue,2023-04-25,19:45,West Ham,,,,Liverpool,,London Stadium,,Head-to-Head,
358,33.0,Tue,2023-04-25,20:00,Aston Villa,,,,Fulham,,Villa Park,,Head-to-Head,
359,33.0,Wed,2023-04-26,19:45,Chelsea,,,,Brentford,,Stamford Bridge,,Head-to-Head,
360,33.0,Wed,2023-04-26,19:45,Southampton,,,,Bournemouth,,St. Mary's Stadium,,Head-to-Head,
361,33.0,Wed,2023-04-26,20:00,Manchester City,,,,Arsenal,,Etihad Stadium,,Head-to-Head,
362,,,,,,,,,,,,,,
363,34.0,Sat,2023-04-29,15:00,Manchester Utd,,,,Aston Villa,,Old Trafford,,Head-to-Head,
364,34.0,Sat,2023-04-29,15:00,Bournemouth,,,,Leeds United,,Vitality Stadium,,Head-to-Head,
365,34.0,Sat,2023-04-29,15:00,Brighton,,,,Wolves,,The American Express Community Stadium,,Head-to-Head,
366,34.0,Sat,2023-04-29,15:00,Arsenal,,,,Chelsea,,Emirates Stadium,,Head-to-Head,
367,34.0,Sat,2023-04-29,15:00,Brentford,,,,Nott'ham Forest,,Brentford Community Stadium,,Head-to-Head,
368,34.0,Sat,2023-04-29,15:00,Crystal Palace,,,,West Ham,,Selhurst Park,,Head-to-Head,
369,34.0,Sat,2023-04-29,15:00,Leicester City,,,,Everton,,King Power Stadium,,Head-to-Head,
370,34.0,Sat,2023-04-29,15:00,Newcastle Utd,,,,Southampton,,St. James' Park,,Head-to-Head,
371,34.0,Sat,2023-04-29,15:00,Fulham,,,,Manchester City,,Craven Cottage,,Head-to-Head,
372,34.0,Sat,2023-04-29,15:00,Liverpool,,,,Tottenham,,Anfield,,Head-to-Head,
373,,,,,,,,,,,,,,
374,35.0,Sat,2023-05-06,15:00,Tottenham,,,,Crystal Palace,,Tottenham Hotspur Stadium,,Head-to-Head,
375,35.0,Sat,2023-05-06,15:00,Wolves,,,,Aston Villa,,Molineux Stadium,,Head-to-Head,
376,35.0,Sat,2023-05-06,15:00,Nott'ham Forest,,,,Southampton,,The City Ground,,Head-to-Head,
377,35.0,Sat,2023-05-06,15:00,Bournemouth,,,,Chelsea,,Vitality Stadium,,Head-to-Head,
378,35.0,Sat,2023-05-06,15:00,Liverpool,,,,Brentford,,Anfield,,Head-to-Head,
379,35.0,Sat,2023-05-06,15:00,Manchester City,,,,Leeds United,,Etihad Stadium,,Head-to-Head,
380,35.0,Sat,2023-05-06,15:00,West Ham,,,,Manchester Utd,,London Stadium,,Head-to-Head,
381,35.0,Sat,2023-05-06,15:00,Fulham,,,,Leicester City,,Craven Cottage,,Head-to-Head,
382,35.0,Sat,2023-05-06,15:00,Newcastle Utd,,,,Arsenal,,St. James' Park,,Head-to-Head,
383,35.0,Sat,2023-05-06,15:00,Brighton,,,,Everton,,The American Express Community Stadium,,Head-to-Head,
384,,,,,,,,,,,,,,
385,36.0,Sat,2023-05-13,15:00,Aston Villa,,,,Tottenham,,Villa Park,,Head-to-Head,
386,36.0,Sat,2023-05-13,15:00,Everton,,,,Manchester City,,Goodison Park,,Head-to-Head,
387,36.0,Sat,2023-05-13,15:00,Leicester City,,,,Liverpool,,King Power Stadium,,Head-to-Head,
388,36.0,Sat,2023-05-13,15:00,Chelsea,,,,Nott'ham Forest,,Stamford Bridge,,Head-to-Head,
389,36.0,Sat,2023-05-13,15:00,Brentford,,,,West Ham,,Brentford Community Stadium,,Head-to-Head,
390,36.0,Sat,2023-05-13,15:00,Crystal Palace,,,,Bournemouth,,Selhurst Park,,Head-to-Head,
391,36.0,Sat,2023-05-13,15:00,Leeds United,,,,Newcastle Utd,,Elland Road,,Head-to-Head,
392,36.0,Sat,2023-05-13,15:00,Arsenal,,,,Brighton,,Emirates Stadium,,Head-to-Head,
393,36.0,Sat,2023-05-13,15:00,Southampton,,,,Fulham,,St. Mary's Stadium,,Head-to-Head,
394,36.0,Sat,2023-05-13,15:00,Manchester Utd,,,,Wolves,,Old Trafford,,Head-to-Head,
395,,,,,,,,,,,,,,
396,37.0,Sat,2023-05-20,15:00,Brighton,,,,Southampton,,The American Express Community Stadium,,Head-to-Head,
397,37.0,Sat,2023-05-20,15:00,West Ham,,,,Leeds United,,London Stadium,,Head-to-Head,
398,37.0,Sat,2023-05-20,15:00,Tottenham,,,,Brentford,,Tottenham Hotspur Stadium,,Head-to-Head,
399,37.0,Sat,2023-05-20,15:00,Manchester City,,,,Chelsea,,Etihad Stadium,,Head-to-Head,
400,37.0,Sat,2023-05-20,15:00,Liverpool,,,,Aston Villa,,Anfield,,Head-to-Head,
401,37.0,Sat,2023-05-20,15:00,Newcastle Utd,,,,Leicester City,,St. James' Park,,Head-to-Head,
402,37.0,Sat,2023-05-20,15:00,Fulham,,,,Crystal Palace,,Craven Cottage,,Head-to-Head,
403,37.0,Sat,2023-05-20,15:00,Nott'ham Forest,,,,Arsenal,,The City Ground,,Head-to-Head,
404,37.0,Sat,2023-05-20,15:00,Bournemouth,,,,Manchester Utd,,Vitality Stadium,,Head-to-Head,
405,37.0,Sat,2023-05-20,15:00,Wolves,,,,Everton,,Molineux Stadium,,Head-to-Head,
406,,,,,,,,,,,,,,
407,38.0,Sun,2023-05-28,15:00,Crystal Palace,,,,Nott'ham Forest,,Selhurst Park,,Head-to-Head,
408,38.0,Sun,2023-05-28,15:00,Chelsea,,,,Newcastle Utd,,Stamford Bridge,,Head-to-Head,
409,38.0,Sun,2023-05-28,15:00,Manchester Utd,,,,Fulham,,Old Trafford,,Head-to-Head,
410,38.0,Sun,2023-05-28,15:00,Arsenal,,,,Wolves,,Emirates Stadium,,Head-to-Head,
411,38.0,Sun,2023-05-28,15:00,Southampton,,,,Liverpool,,St. Mary's Stadium,,Head-to-Head,
412,38.0,Sun,2023-05-28,15:00,Everton,,,,Bournemouth,,Goodison Park,,Head-to-Head,
413,38.0,Sun,2023-05-28,15:00,Leicester City,,,,West Ham,,King Power Stadium,,Head-to-Head,
414,38.0,Sun,2023-05-28,15:00,Aston Villa,,,,Brighton,,Villa Park,,Head-to-Head,
415,38.0,Sun,2023-05-28,15:00,Leeds United,,,,Tottenham,,Elland Road,,Head-to-Head,
416,38.0,Sun,2023-05-28,15:00,Brentford,,,,Manchester City,,Brentford Community Stadium,,Head-to-Head,
